Category,URL,회사명,타이틀
백엔드,https://www.wanted.co.kr/wd/142152,롯데헬스케어,서비스 백엔드 엔지니어
백엔드,https://www.wanted.co.kr/wd/107044,넥슨코리아(NEXON),[인텔리전스랩스] 백엔드 개발자
백엔드,https://www.wanted.co.kr/wd/172362,스탠바이랩,신입 백엔드 엔지니어 (JAVA)
백엔드,https://www.wanted.co.kr/wd/45650,페이타랩(패스오더),"[200억↑투자] 백엔드 개발자 (Spring, Python, MSA)"
백엔드,https://www.wanted.co.kr/wd/182786,토기,[신입] 백엔드 엔지니어
백엔드,https://www.wanted.co.kr/wd/37473,뮤즈라이브(Muzlive),백엔드 엔지니어(Java/Spring)
백엔드,https://www.wanted.co.kr/wd/187346,위버스컴퍼니(WEVERSE COMPANY),백엔드개발 (빌링플랫폼)
백엔드,https://www.wanted.co.kr/wd/182064,씨제이올리브영(CJ올리브영),[커머스서비스개발팀] 백엔드 개발자
백엔드,https://www.wanted.co.kr/wd/185370,와이어트,[카카오헤어샵] 백엔드 개발자 (미들-시니어)
백엔드,https://www.wanted.co.kr/wd/175891,핀다(FINDA),백엔드 개발자
백엔드,https://www.wanted.co.kr/wd/94809,토기,백엔드 엔지니어
백엔드,https://www.wanted.co.kr/wd/170912,의식주컴퍼니(런드리고),[100억↑투자] 백엔드 개발자(Java/2년이상)
백엔드,https://www.wanted.co.kr/wd/188781,테이블링,백엔드(Node.js) 개발자
백엔드,https://www.wanted.co.kr/wd/190963,우리엔,반려동물 앱 서비스 백엔드 개발자
백엔드,https://www.wanted.co.kr/wd/187772,커넥팅더닷츠(째깍악어),[300억↑투자] 백엔드 엔지니어 (3년 이상)
백엔드,https://www.wanted.co.kr/wd/188946,줌줌투어,백엔드 개발자 (Node.js)
백엔드,https://www.wanted.co.kr/wd/192588,부스터스,[100억↑투자] 주니어 백엔드 개발자
백엔드,https://www.wanted.co.kr/wd/190470,마음연구소,백엔드 개발자
백엔드,https://www.wanted.co.kr/wd/190455,콜버스랩,[자리톡] Java 백엔드 개발자 (3년 이상)
백엔드,https://www.wanted.co.kr/wd/116772,컬리,[컬리페이] 백엔드 개발자 (Backend Developer)
백엔드,https://www.wanted.co.kr/wd/190545,위버스컴퍼니(WEVERSE COMPANY),백엔드개발 (멤버십)
백엔드,https://www.wanted.co.kr/wd/179754,페이민트,Java 서버/백엔드 개발자(2년 이상)
백엔드,https://www.wanted.co.kr/wd/170474,마켓보로,"[500억↑투자] 통합 플랫폼 개발(Java, 백엔드 개발자)"
백엔드,https://www.wanted.co.kr/wd/147116,한샘,백엔드 개발
백엔드,https://www.wanted.co.kr/wd/187256,브릭베이스,백엔드 개발자
백엔드,https://www.wanted.co.kr/wd/185262,버킷스토어,크리스몰 백엔드 개발자
백엔드,https://www.wanted.co.kr/wd/187843,피어테크(지닥),백엔드 개발
백엔드,https://www.wanted.co.kr/wd/163150,롯데e커머스(롯데ON),Product Developer(백엔드)
백엔드,https://www.wanted.co.kr/wd/99373,일루미나리안,백엔드 개발자
백엔드,https://www.wanted.co.kr/wd/178788,카카오뱅크(kakaobank),서버 개발자 - 백엔드 API
백엔드,https://www.wanted.co.kr/wd/124999,키다리스튜디오,백엔드 개발자
백엔드,https://www.wanted.co.kr/wd/187406,핏투게더,백엔드 개발자 (7년차 이상)
백엔드,https://www.wanted.co.kr/wd/105446,버킷플레이스(오늘의집),"Software Engineer, Backend"
백엔드,https://www.wanted.co.kr/wd/190204,엔라이즈(NRISE),"[100억↑투자] 백엔드(Python, Kotlin) 개발자 (콰트 식단 스쿼드)"
백엔드,https://www.wanted.co.kr/wd/154335,아이티이지,[개발팀] 백엔드 담당자
백엔드,https://www.wanted.co.kr/wd/87634,업템포글로벌,프론트/백엔드 개발자
백엔드,https://www.wanted.co.kr/wd/166897,한국직업개발원,IT 기술연구소 개발자 (백엔드)
백엔드,https://www.wanted.co.kr/wd/173018,와그(WAUG),백엔드 개발자(java)
백엔드,https://www.wanted.co.kr/wd/164532,엔에이치엔커머스(nhn커머스),커머스 플랫폼 백엔드 개발자
백엔드,https://www.wanted.co.kr/wd/42121,자비스앤빌런즈(삼쩜삼),[삼쩜삼] 백엔드 엔지니어
백엔드,https://www.wanted.co.kr/wd/172281,씨제이대한통운(CJ대한통운),백엔드(Java) 개발자
백엔드,https://www.wanted.co.kr/wd/187006,핸디즈,[100억↑투자] 웹서비스 백엔드 개발자 (3년 이상)
백엔드,https://www.wanted.co.kr/wd/134554,부동산플래닛,백엔드 개발자(Back-End Developer)
백엔드,https://www.wanted.co.kr/wd/179696,셀바스에이아이,웹 백엔드 개발자 (여행 플랫폼)
백엔드,https://www.wanted.co.kr/wd/185548,텍스트웨이,백엔드 개발자
백엔드,https://www.wanted.co.kr/wd/40457,피플펀드컴퍼니(PeopleFundCompany),"백엔드(Python,Kotlin) 개발자 (1년 이상)"
백엔드,https://www.wanted.co.kr/wd/98786,스왈라비,서버 개발 (백엔드)
백엔드,https://www.wanted.co.kr/wd/192805,앵커스,백엔드 개발자 (신입~4년 이하)
백엔드,https://www.wanted.co.kr/wd/127334,스카이링크,백엔드 개발자
백엔드,https://www.wanted.co.kr/wd/186842,씨디알아이(CDRI),백엔드 개발자
백엔드,https://www.wanted.co.kr/wd/165485,발란(BALAAN),백엔드 엔지니어 주니어 (어드민)
백엔드,https://www.wanted.co.kr/wd/189568,플러그링크,[100억↑투자] 백엔드 개발자
백엔드,https://www.wanted.co.kr/wd/159038,룩코,백엔드 엔지니어 (신입 또는 5년 미만)
백엔드,https://www.wanted.co.kr/wd/191041,블루밍비트,백엔드 엔지니어
백엔드,https://www.wanted.co.kr/wd/185918,러너블,백엔드 개발자
백엔드,https://www.wanted.co.kr/wd/118264,티비유,Java/Kotlin 백엔드 서버 엔지니어
백엔드,https://www.wanted.co.kr/wd/189046,트이다,백엔드(JAVA) 개발자 (2년 이상)
백엔드,https://www.wanted.co.kr/wd/185415,비욘드메디슨,Spring 백엔드 개발자
백엔드,https://www.wanted.co.kr/wd/125356,아이지에이웍스(IGAWorks),[500억↑투자] 백엔드 엔지니어 [디파이너리]
백엔드,https://www.wanted.co.kr/wd/192753,유앤아워스,웹 개발자 - 백엔드(Backend) Java/Kotlin (신입)
백엔드,https://www.wanted.co.kr/wd/61755,넷마블,플랫폼 백엔드 개발자
백엔드,https://www.wanted.co.kr/wd/49164,아데나소프트웨어,[300억↑투자] 자바 백엔드 엔지니어 (암호화폐 거래 플랫폼)
백엔드,https://www.wanted.co.kr/wd/173953,위메이드(WEMADE),프론트엔드 개발(WemixPlay 백오피스)
백엔드,https://www.wanted.co.kr/wd/187477,오늘의웹툰,백엔드/데이터 엔지니어
백엔드,https://www.wanted.co.kr/wd/178591,네오사피엔스(타입캐스트),백엔드 개발자
백엔드,https://www.wanted.co.kr/wd/186831,인포유앤컴퍼니,백엔드 개발자
백엔드,https://www.wanted.co.kr/wd/151738,코드잇(codeit),[100억↑투자] 백엔드 엔지니어
백엔드,https://www.wanted.co.kr/wd/168016,넷마블,웹 백엔드 개발자
백엔드,https://www.wanted.co.kr/wd/181535,테크스페이스,백엔드 개발자 (Node.js) (신입)
백엔드,https://www.wanted.co.kr/wd/185824,버블콘,백엔드 개발자(JAVA)
백엔드,https://www.wanted.co.kr/wd/167952,에이치엠씨네트웍스,[CARENATION] Java 백엔드 개발자
백엔드,https://www.wanted.co.kr/wd/192470,백퍼센트,[충전돼지] 백엔드개발자
백엔드,https://www.wanted.co.kr/wd/142319,드림시스,"솔루션 개발 (자바, 스프링, 백엔드, 풀스택 - JAVA, Spring, Backend, Full Stack)"
백엔드,https://www.wanted.co.kr/wd/187651,언컷젬스컴퍼니,Product Developer(백엔드)
백엔드,https://www.wanted.co.kr/wd/186409,프리윌린,[100억↑투자] 매쓰플랫 백엔드 개발자 (3년 이상)
백엔드,https://www.wanted.co.kr/wd/102917,월급쟁이부자들,백엔드 엔지니어(BE)
백엔드,https://www.wanted.co.kr/wd/190703,위메이드(WEMADE),백엔드 개발(게임 퍼블리싱 플랫폼)
백엔드,https://www.wanted.co.kr/wd/162405,엘리스,[신입] 백엔드 엔지니어 (Python)
백엔드,https://www.wanted.co.kr/wd/90057,카르도,백엔드 개발자 (Back-end Developer)
백엔드,https://www.wanted.co.kr/wd/119447,에이블리코퍼레이션,백엔드 엔지니어
백엔드,https://www.wanted.co.kr/wd/122298,미스터블루,백엔드 개발자(Java/Spring) (신규 웹소설 플랫폼)
백엔드,https://www.wanted.co.kr/wd/120127,해봄데이터,"웹 개발(프론트엔드, 백엔드)"
백엔드,https://www.wanted.co.kr/wd/191559,아이쿱,닥터바이스 개발팀 백엔드 개발
백엔드,https://www.wanted.co.kr/wd/169640,펑타이그레이터차이나(피티코리아),백엔드 자바 개발자 운영 및 구축
백엔드,https://www.wanted.co.kr/wd/184594,팀프레시,[100억↑투자] 시스템개발3팀 백엔드/풀스택 개발자
백엔드,https://www.wanted.co.kr/wd/182416,누비랩,[100억↑투자] 백엔드 엔지니어
백엔드,https://www.wanted.co.kr/wd/168694,오투플러스(O2PLUSS),백엔드(Back-end) 개발자
백엔드,https://www.wanted.co.kr/wd/188580,펜타시큐리티,백엔드 웹 개발자
백엔드,https://www.wanted.co.kr/wd/187944,와들,백엔드 엔지니어
백엔드,https://www.wanted.co.kr/wd/186965,에임(AIM),백엔드 개발자
백엔드,https://www.wanted.co.kr/wd/185217,그릿스탠다드,웹 백엔드 개발자(3년 이상)
백엔드,https://www.wanted.co.kr/wd/187165,에누마,백엔드 개발자
백엔드,https://www.wanted.co.kr/wd/143628,씨제이올리브영(CJ올리브영),백엔드 개발자 (콘텐츠서비스개발팀)
백엔드,https://www.wanted.co.kr/wd/121823,라프텔(Laftel),백엔드 엔지니어
백엔드,https://www.wanted.co.kr/wd/181110,해빗팩토리,[100억↑투자] 백엔드 엔지니어
백엔드,https://www.wanted.co.kr/wd/182781,카르도,[신입] 백엔드 개발자
백엔드,https://www.wanted.co.kr/wd/188795,지로,백엔드 개발자 (3년차 이상)
백엔드,https://www.wanted.co.kr/wd/192757,유앤아워스,웹 개발자 - 백엔드(Backend) Java/Kotlin (1년이상)
백엔드,https://www.wanted.co.kr/wd/143809,리즈헬스케어,백엔드 & 프론트엔드 개발자
백엔드,https://www.wanted.co.kr/wd/163187,매드업,주니어 백엔드 개발자 (테크사업부) (전문연구요원 가능)
백엔드,https://www.wanted.co.kr/wd/43127,엔라이즈(NRISE),[100억↑투자] 백엔드(Kotlin) 개발자 (위피 재팬 스쿼드)
백엔드,https://www.wanted.co.kr/wd/100997,똑똑한개발자,Python Django 백엔드 개발자
백엔드,https://www.wanted.co.kr/wd/183329,바이너리코리아,백엔드 개발
백엔드,https://www.wanted.co.kr/wd/191775,맥스트(MAXST),Metaverse 백엔드 개발자 (1년 이상)
백엔드,https://www.wanted.co.kr/wd/43130,위허들링,위잇 백엔드 개발자
백엔드,https://www.wanted.co.kr/wd/125348,비엘큐(테스트밸리),[100억↑투자] Java 백엔드 서버개발
백엔드,https://www.wanted.co.kr/wd/191334,람다256,BaaS 플랫폼 및 백오피스 개발자 (Backend)
백엔드,https://www.wanted.co.kr/wd/165186,아파트멘터리,"[100억↑투자] 백엔드 개발자 (NodeJs, NestJs)"
백엔드,https://www.wanted.co.kr/wd/138933,블록체인랩스,백엔드 개발 (Back-End Development)
백엔드,https://www.wanted.co.kr/wd/191188,디핑컴퍼니,웹/앱 백엔드 엔지니어
백엔드,https://www.wanted.co.kr/wd/185166,롯데e커머스(롯데ON),Product Developer(광고 백엔드)
백엔드,https://www.wanted.co.kr/wd/180978,핏투비,백엔드 개발자
백엔드,https://www.wanted.co.kr/wd/179927,와탭랩스(WhaTapLabs),[100억↑투자] 백엔드 개발자
백엔드,https://www.wanted.co.kr/wd/164711,피앤씨테크놀로지,파이썬 Django 백엔드 개발자
백엔드,https://www.wanted.co.kr/wd/192458,카카오헬스케어,"백엔드(Java, Spring) 개발자 (5년 이상)"
백엔드,https://www.wanted.co.kr/wd/191525,금방,백엔드 개발자 (주니어)
백엔드,https://www.wanted.co.kr/wd/120494,와드(캐치테이블),B2C 백엔드 개발자
백엔드,https://www.wanted.co.kr/wd/69885,피플앤드테크놀러지,[플랫폼 개발] 백엔드 개발자
백엔드,https://www.wanted.co.kr/wd/191327,앤티에스,백엔드 개발자
백엔드,https://www.wanted.co.kr/wd/172364,스탠바이랩,주니어 백엔드 엔지니어 (JAVA)
백엔드,https://www.wanted.co.kr/wd/160804,버즈니(Buzzni),[서비스 스쿼드] 백엔드 엔지니어 (전문연구요원 가능)
백엔드,https://www.wanted.co.kr/wd/188328,뉴로핏(NEUROPHET),웹 백엔드 개발자(5년 이상)
백엔드,https://www.wanted.co.kr/wd/191900,헥슬란트,[현역] 백엔드 개발자
백엔드,https://www.wanted.co.kr/wd/107054,넥슨코리아(NEXON),[인텔리전스랩스] 선행개발실 백엔드 개발자
백엔드,https://www.wanted.co.kr/wd/72980,빌드블록,[100억↑투자] 웹 백엔드 개발자 (Backend Engineer) (신입가능)
백엔드,https://www.wanted.co.kr/wd/191903,에듀이엔브이(EduEnv),백엔드 (Spring) 개발자
백엔드,https://www.wanted.co.kr/wd/178623,에스케이디앤디(SK D&D),시니어 백엔드 개발자 (Sr. Backend Engineer)
백엔드,https://www.wanted.co.kr/wd/104343,교보문고,빅데이터 백엔드 엔지니어
백엔드,https://www.wanted.co.kr/wd/188867,이지시큐,NodeJS 백엔드 개발자
백엔드,https://www.wanted.co.kr/wd/171035,더엠컴퍼니,백엔드 개발자 (주니어)
백엔드,https://www.wanted.co.kr/wd/183071,비모소프트,백엔드 개발자
백엔드,https://www.wanted.co.kr/wd/190691,지엘엔인터내셔널,시스템 백엔드 개발 (Java)
백엔드,https://www.wanted.co.kr/wd/47634,뮤직카우(MUSICOW),[2000억↑투자]Back-end Developer (백엔드 개발자)
백엔드,https://www.wanted.co.kr/wd/189667,아일로,백엔드 웹/앱 개발자
백엔드,https://www.wanted.co.kr/wd/180289,디스콰이엇,소셜 네트워크 백엔드 개발자
백엔드,https://www.wanted.co.kr/wd/140378,긴트,[200억↑투자] 백엔드 개발자
백엔드,https://www.wanted.co.kr/wd/4445,뉴플로이,"백엔드 엔지니어(Java, Server-side)"
백엔드,https://www.wanted.co.kr/wd/183679,위블링,백엔드 엔지니어
백엔드,https://www.wanted.co.kr/wd/162008,이지태스크,백엔드 개발자
백엔드,https://www.wanted.co.kr/wd/191730,넥스원소프트,"백엔드(JAVA, 결제, 인증) 개발자 (3년 이상)"
백엔드,https://www.wanted.co.kr/wd/191721,넥스원소프트,백엔드 개발 및 대용량 데이터 처리
백엔드,https://www.wanted.co.kr/wd/158122,쿠캣(Cookat),이커머스(백엔드/프론트엔드) 개발자
백엔드,https://www.wanted.co.kr/wd/101062,리퀴드네이션,백엔드 개발자
백엔드,https://www.wanted.co.kr/wd/117879,차봇모빌리티,백엔드 개발자
백엔드,https://www.wanted.co.kr/wd/184850,센트비(Sentbe),[Tech] 글로벌 해외송금 백엔드 개발자
백엔드,https://www.wanted.co.kr/wd/184092,홈리에종,파이썬 백엔드 개발자
백엔드,https://www.wanted.co.kr/wd/159459,이노버스,백엔드 개발자 (SW팀)
백엔드,https://www.wanted.co.kr/wd/173626,에이블리블랙,백엔드 엔지니어
백엔드,https://www.wanted.co.kr/wd/17243,애디터(Yess),Backend Developer (백엔드 개발자)
백엔드,https://www.wanted.co.kr/wd/69637,마인드허브,백엔드 개발자
백엔드,https://www.wanted.co.kr/wd/82393,업스테이지,Software Engineer - Backend
백엔드,https://www.wanted.co.kr/wd/165983,콘텐츠웨이브(wavve),[Tech] 백엔드 개발자
백엔드,https://www.wanted.co.kr/wd/182580,러너스,백엔드 개발자
백엔드,https://www.wanted.co.kr/wd/189990,닥터다이어리,백엔드 개발자(4년차 이상)
백엔드,https://www.wanted.co.kr/wd/141454,이스트소프트(ESTsoft),[ESTsecurity] 알약M 백엔드 개발
백엔드,https://www.wanted.co.kr/wd/100640,스팬딧(Spendit),"백엔드 개발자 (Kotlin/Spring, 3년차~15년차)"
백엔드,https://www.wanted.co.kr/wd/189641,제트시티,백엔드 개발자 (2년 이상)
백엔드,https://www.wanted.co.kr/wd/121893,에코앤리치,백엔드 개발자(Back-End)
백엔드,https://www.wanted.co.kr/wd/166670,마크비전코리아,[300억↑투자] 백엔드 엔지니어
백엔드,https://www.wanted.co.kr/wd/118971,누아,웹(Web) 백엔드 개발자
백엔드,https://www.wanted.co.kr/wd/157917,에디트콜렉티브,백엔드 개발자
백엔드,https://www.wanted.co.kr/wd/16942,아이지에이웍스(IGAWorks),[500억↑투자] 백엔드 개발자 (TW DSP)
백엔드,https://www.wanted.co.kr/wd/109188,넛지헬스케어(캐시워크),백엔드/서버 개발자
백엔드,https://www.wanted.co.kr/wd/149981,노머스(원더월),[600억↑투자] 백엔드(Back-end) 개발자
백엔드,https://www.wanted.co.kr/wd/91732,브레이크앤컴퍼니,백엔드 개발자 (주니어) (Node.js)
백엔드,https://www.wanted.co.kr/wd/190664,슬로그업,[Alert] 백엔드 프로덕트 챕터 리더
백엔드,https://www.wanted.co.kr/wd/187925,블루비즈,JAVA 백엔드 개발자
백엔드,https://www.wanted.co.kr/wd/168146,바이스벌사,백엔드 개발자 (JAVA)
백엔드,https://www.wanted.co.kr/wd/183196,후루츠패밀리컴퍼니,Node.js 백엔드 개발자
백엔드,https://www.wanted.co.kr/wd/177935,미띵스,백엔드 개발자
백엔드,https://www.wanted.co.kr/wd/135807,위즈코어,백엔드 개발 (Java)
백엔드,https://www.wanted.co.kr/wd/187011,코딩허브,백엔드 개발자
백엔드,https://www.wanted.co.kr/wd/143142,앤서스랩코리아,Casino Platform Java Backend
백엔드,https://www.wanted.co.kr/wd/162002,액스,"백엔드(Python, Java) 엔지니어"
백엔드,https://www.wanted.co.kr/wd/190195,엔라이즈(NRISE),[100억↑투자] 백엔드(Python) 개발자 (위피 젤리 스쿼드)
백엔드,https://www.wanted.co.kr/wd/192288,스토어링크,백엔드 개발자
백엔드,https://www.wanted.co.kr/wd/130185,휴맥스모빌리티,백엔드 개발자_통합서비스개발실
백엔드,https://www.wanted.co.kr/wd/97972,아이비베리,백엔드 개발
백엔드,https://www.wanted.co.kr/wd/98933,클라썸,[100억↑투자] 백엔드(Node.js) 개발자
백엔드,https://www.wanted.co.kr/wd/144555,허브디앤씨,백엔드 개발자
백엔드,https://www.wanted.co.kr/wd/190105,카카오헬스케어,백엔드(Python) 개발자 (5년 이상)
백엔드,https://www.wanted.co.kr/wd/145300,타호,백엔드 서버 개발자 (원격근무)
백엔드,https://www.wanted.co.kr/wd/180549,인피닛블록,백엔드 개발자
백엔드,https://www.wanted.co.kr/wd/78230,페이타랩(패스오더),[200억↑투자] 백엔드 개발자 (병역특례/산업기능요원/보충역/전직)
백엔드,https://www.wanted.co.kr/wd/164013,넥스트에디션,백엔드(Node.js) 개발자
백엔드,https://www.wanted.co.kr/wd/165649,얼리페이,백엔드 Python Django 개발자 / 핀테크
백엔드,https://www.wanted.co.kr/wd/140476,이에스이,JAVA 웹 개발 백엔드
백엔드,https://www.wanted.co.kr/wd/88904,데일리펀딩,Back-end 개발자(백엔드)
백엔드,https://www.wanted.co.kr/wd/187857,피어테크(지닥),블록체인 지갑 개발자(백엔드)
백엔드,https://www.wanted.co.kr/wd/173374,어터,"백엔드 개발자(Python, Django)"
백엔드,https://www.wanted.co.kr/wd/191878,데브툴즈,백엔드 개발자 (신입)
백엔드,https://www.wanted.co.kr/wd/177880,쉐어그라운드(CherGround),서버 Back-End(백엔드) 엔지니어
백엔드,https://www.wanted.co.kr/wd/191705,허드슨에이아이,백엔드 엔지니어
백엔드,https://www.wanted.co.kr/wd/181077,엔젠바이오,백엔드개발자
백엔드,https://www.wanted.co.kr/wd/139366,쓰리알이노베이션,Kotlin/Ktor/Spring 백엔드 개발자
백엔드,https://www.wanted.co.kr/wd/186522,에어코드,백엔드 서버 개발자(3년 이상)
백엔드,https://www.wanted.co.kr/wd/167985,케이브먼트,백엔드 개발자
백엔드,https://www.wanted.co.kr/wd/147924,팀프레시,[100억↑투자] 시스템개발1팀 백엔드/풀스택 개발자
백엔드,https://www.wanted.co.kr/wd/57987,크로커스,"백엔드 엔지니어 (연구개발 에너지SW팀)(NodeJs, NestJs)"
백엔드,https://www.wanted.co.kr/wd/152643,이에스이,기술연구소 백엔드 개발자
백엔드,https://www.wanted.co.kr/wd/55869,코멘토,백엔드 개발자 (PHP)
백엔드,https://www.wanted.co.kr/wd/133270,테크스페이스,백엔드 개발자 (Node.js)
백엔드,https://www.wanted.co.kr/wd/188599,데이오프컴퍼니,백엔드 개발자 (시니어)
백엔드,https://www.wanted.co.kr/wd/126609,팬마음,백엔드 개발자(Node.js)
백엔드,https://www.wanted.co.kr/wd/93342,보이저엑스(VoyagerX),"[Vrew, vFlat] 백엔드 개발자"
백엔드,https://www.wanted.co.kr/wd/133404,래피드글로벌,백엔드 개발자 - NestJs (2년 이상)
백엔드,https://www.wanted.co.kr/wd/192062,링크12,웹 서비스 백엔드 개발자
백엔드,https://www.wanted.co.kr/wd/188543,로민,백엔드 개발자
백엔드,https://www.wanted.co.kr/wd/177654,이몰디노(eMoldino),백엔드 개발자
백엔드,https://www.wanted.co.kr/wd/124890,멸치,신사업(전문쇼핑몰) 서버 /백엔드 개발자
백엔드,https://www.wanted.co.kr/wd/61557,다비오(Dabeeo),백엔드 개발자
백엔드,https://www.wanted.co.kr/wd/96202,클래스유,백엔드 개발자 (B.E Software Developer)
백엔드,https://www.wanted.co.kr/wd/174552,라쿠카라차,백엔드 개발자
백엔드,https://www.wanted.co.kr/wd/10778,미리디,[미리캔버스] 시니어 백엔드 개발자
백엔드,https://www.wanted.co.kr/wd/107200,월급쟁이부자들,백엔드개발 리드
백엔드,https://www.wanted.co.kr/wd/179750,에이블리코퍼레이션,백엔드 엔지니어 (WMS)
백엔드,https://www.wanted.co.kr/wd/180937,아템드메라키,백엔드(Nest.js) 개발자
백엔드,https://www.wanted.co.kr/wd/189385,머니가드서비스,백엔드 개발자 (2년 이상)
백엔드,https://www.wanted.co.kr/wd/183424,콕스웨이브,백엔드 엔지니어
백엔드,https://www.wanted.co.kr/wd/160732,클래스팅(Classting),백엔드 개발자
백엔드,https://www.wanted.co.kr/wd/178213,구름,백엔드 개발자
백엔드,https://www.wanted.co.kr/wd/125044,아티웰스,백엔드/서버 개발자
백엔드,https://www.wanted.co.kr/wd/191203,더블엑스소프트,백엔드(Node.js) 개발자
백엔드,https://www.wanted.co.kr/wd/190109,스페이스애드,공간연구소그룹 웹 백엔드 개발자 (4년 이상)
백엔드,https://www.wanted.co.kr/wd/52691,휴런,서버/백엔드 개발자
백엔드,https://www.wanted.co.kr/wd/189464,엠레드랩(AMRED LAB),백엔드 개발자
백엔드,https://www.wanted.co.kr/wd/167881,위메이드(WEMADE),"백엔드 개발(WemixPlay, 블록체인 게임 플랫폼)"
백엔드,https://www.wanted.co.kr/wd/182714,이글로벌시스템,[신입] 백엔드/서버 개발자
백엔드,https://www.wanted.co.kr/wd/169042,이글루코퍼레이션,웹 어플리케이션 백엔드 개발 (빅데이터보안연구소)
백엔드,https://www.wanted.co.kr/wd/167453,인터비젼,백엔드 Spring 개발자(판교)
백엔드,https://www.wanted.co.kr/wd/171233,파운트(fount),[600억↑투자] [핀테크] 백엔드 엔지니어(python)
백엔드,https://www.wanted.co.kr/wd/177555,엔비티(NBT),[애디슨] 백엔드 엔지니어
백엔드,https://www.wanted.co.kr/wd/110062,플래티어,[그루비 SaaS 솔루션] 백엔드 개발자 (2~5년)
백엔드,https://www.wanted.co.kr/wd/119682,어반데이터랩,플랫폼 개발자 (백엔드)
백엔드,https://www.wanted.co.kr/wd/106979,넥슨코리아(NEXON),[인텔리전스랩스] 글로벌 플랫폼 백엔드 개발자 (Java)
백엔드,https://www.wanted.co.kr/wd/158618,호두랩스,[100억↑투자] 백엔드 개발자
백엔드,https://www.wanted.co.kr/wd/190382,니어스랩,웹 백엔드 엔지니어
백엔드,https://www.wanted.co.kr/wd/189619,누리미디어(DBpia),백엔드 개발자
백엔드,https://www.wanted.co.kr/wd/179603,더브이플래닛,[Node.js] 2~3년차 백엔드 개발자
백엔드,https://www.wanted.co.kr/wd/174342,엑스와이지,[100억↑투자] 백엔드 엔지니어
백엔드,https://www.wanted.co.kr/wd/85672,아우름플래닛(LINER),[100억↑투자] 백엔드 엔지니어
백엔드,https://www.wanted.co.kr/wd/73582,컨택스츠아이오(NFTBank),백엔드 엔지니어
백엔드,https://www.wanted.co.kr/wd/174062,커넥트브릭,Python 개발자 / 백엔드
백엔드,https://www.wanted.co.kr/wd/191985,데이콘,백엔드 NodeJS 개발자
백엔드,https://www.wanted.co.kr/wd/39992,유니크굿컴퍼니,백엔드 소프트웨어 엔지니어
백엔드,https://www.wanted.co.kr/wd/191476,브이피피랩,백엔드 개발
백엔드,https://www.wanted.co.kr/wd/93617,한인플레이스,"모바일 백엔드/서버개발(nodeJS , TypeScript)"
백엔드,https://www.wanted.co.kr/wd/172371,스탠바이랩,백엔드 엔지니어(병역특례/산업기능요원/보충역/전직)
백엔드,https://www.wanted.co.kr/wd/168332,패스트뷰,[100억↑투자] 백엔드 개발자 (5년 이상)
백엔드,https://www.wanted.co.kr/wd/143837,넥슨코리아(NEXON),[인텔리전스랩스] 게임 이상탐지 백엔드 개발자 (Java)
백엔드,https://www.wanted.co.kr/wd/115441,지엔에이컴퍼니,[플레이오] Python 백엔드 개발
백엔드,https://www.wanted.co.kr/wd/173081,프렉스코리아(Presto),Senior Software Engineer (Backend)
백엔드,https://www.wanted.co.kr/wd/178426,루브릭랩스,백엔드 개발자 (3년 이상)
백엔드,https://www.wanted.co.kr/wd/18295,뮤즈라이브(Muzlive),백엔드 엔지니어 (Python/Django)
백엔드,https://www.wanted.co.kr/wd/191969,두리번,백엔드 개발자
백엔드,https://www.wanted.co.kr/wd/42236,스와치온(SwatchOn),백엔드 개발자
백엔드,https://www.wanted.co.kr/wd/181836,토탈미디어그램,백엔드 개발자
백엔드,https://www.wanted.co.kr/wd/156290,아정네트웍스,강남 연구실 웹 백엔드 개발자
백엔드,https://www.wanted.co.kr/wd/170451,아파트아이,JAVA 백엔드 개발자 (대리급)
백엔드,https://www.wanted.co.kr/wd/152113,와이어드컴퍼니,플랫폼팀 백엔드 엔지니어
백엔드,https://www.wanted.co.kr/wd/170347,비밀리,백엔드 서버 개발자
백엔드,https://www.wanted.co.kr/wd/79771,데이터뱅크,시니어 백엔드 개발자
백엔드,https://www.wanted.co.kr/wd/189660,약손명가헬스케어,백엔드/프론트엔드 개발 팀장
백엔드,https://www.wanted.co.kr/wd/154703,클레온,[100억↑투자] 서버 백엔드 개발자 Server Developer
백엔드,https://www.wanted.co.kr/wd/178903,뷰브레인헬스케어,파이썬 백엔드 개발자
백엔드,https://www.wanted.co.kr/wd/170427,큐알에스티에이아이,백엔드 엔지니어 (Python)
백엔드,https://www.wanted.co.kr/wd/62599,세컨신드롬,[100억↑투자] [미니창고 다락] 백엔드 개발자
백엔드,https://www.wanted.co.kr/wd/142180,롯데헬스케어,서비스 백엔드 엔지니어 (개발 리더)
백엔드,https://www.wanted.co.kr/wd/105491,안티그래비티,서비스 플랫폼 백엔드 개발자
백엔드,https://www.wanted.co.kr/wd/192515,더블유젯소프트,Node.js 백엔드 개발자
백엔드,https://www.wanted.co.kr/wd/153378,디엔엑스,백엔드 개발자
백엔드,https://www.wanted.co.kr/wd/79904,올림플래닛(OLIM PLANET),백엔드 개발
백엔드,https://www.wanted.co.kr/wd/186592,더즌(dozn),시스템개발팀 백엔드 개발
백엔드,https://www.wanted.co.kr/wd/181576,21세기전파상,Back-end Developer (백엔드 개발자)
백엔드,https://www.wanted.co.kr/wd/170141,요일,"백엔드 개발(JAVA/KOTLIN, 5년 이상)"
백엔드,https://www.wanted.co.kr/wd/166043,에스티씨랩(STCLab),"Software Engineer, Backend"
백엔드,https://www.wanted.co.kr/wd/171919,데브릭스,백엔드개발자 / AA
백엔드,https://www.wanted.co.kr/wd/188822,트리니들,백엔드 개발자
백엔드,https://www.wanted.co.kr/wd/170915,의식주컴퍼니(런드리고),[100억↑투자] 백엔드 개발자(스마트팩토리 자동화/1년이상)
백엔드,https://www.wanted.co.kr/wd/192595,아이오트러스트,백엔드 개발
백엔드,https://www.wanted.co.kr/wd/177565,피터팬의 좋은방 구하기 (두꺼비세상),개발팀 (백엔드 개발자)
백엔드,https://www.wanted.co.kr/wd/176782,셀러비코리아,백엔드 개발자
백엔드,https://www.wanted.co.kr/wd/145747,메셔,백엔드 개발자
백엔드,https://www.wanted.co.kr/wd/186218,메디허브,백엔드 개발
백엔드,https://www.wanted.co.kr/wd/100252,에이미파이,백엔드 개발자 (부산)
백엔드,https://www.wanted.co.kr/wd/186960,코어넥트,백엔드 엔지니어
백엔드,https://www.wanted.co.kr/wd/93643,크리에이트립,백엔드 엔지니어
백엔드,https://www.wanted.co.kr/wd/148295,운칠기삼,백엔드 시니어 개발자 (5년 이상)
백엔드,https://www.wanted.co.kr/wd/191823,로앤컴퍼니(lawtalk),백엔드 개발자 (5년 이상)
백엔드,https://www.wanted.co.kr/wd/120032,피어테크(지닥),백엔드 개발자(펀드서비스 담당)
백엔드,https://www.wanted.co.kr/wd/178792,카카오뱅크(kakaobank),서버 개발자 - 백엔드 API (expert)
백엔드,https://www.wanted.co.kr/wd/125862,렉스젠,백엔드 개발자
백엔드,https://www.wanted.co.kr/wd/188572,스냅셀,백엔드 엔지니어
백엔드,https://www.wanted.co.kr/wd/185757,벳플럭스,백엔드 개발자
백엔드,https://www.wanted.co.kr/wd/169064,블루닷,Web Application 백엔드 개발자
백엔드,https://www.wanted.co.kr/wd/134641,타임퍼센트,트레이딩 플랫폼 백엔드 개발
백엔드,https://www.wanted.co.kr/wd/170435,사각,백엔드 개발자
백엔드,https://www.wanted.co.kr/wd/139191,페칭,백엔드 개발자
백엔드,https://www.wanted.co.kr/wd/142688,원프레딕트(OnePredict),백엔드 개발자 (Backend Engineer) - PdX
백엔드,https://www.wanted.co.kr/wd/164215,어플레이즈,웹서비스 백엔드 개발
백엔드,https://www.wanted.co.kr/wd/158272,슬링,백엔드 개발자
백엔드,https://www.wanted.co.kr/wd/175387,퍼포먼스바이티비더블유에이(PTBWA),플랫폼개발/백엔드(7년 이상)
백엔드,https://www.wanted.co.kr/wd/101509,비주얼(bejewel),[amondz] 백엔드 개발자 (3-6년)
백엔드,https://www.wanted.co.kr/wd/192034,에이블제이,신규 웹서비스 [서버/백엔드] 개발자
백엔드,https://www.wanted.co.kr/wd/185576,럭스로보(LUXROBO),백엔드 개발자
백엔드,https://www.wanted.co.kr/wd/112793,티웨이브,Java 백엔드 개발자(Senior)
백엔드,https://www.wanted.co.kr/wd/119484,다이렉트클라우드랩,백엔드 엔지니어
백엔드,https://www.wanted.co.kr/wd/186562,셀바스에이아이,웹 백엔드 개발자 (헬스케어)
백엔드,https://www.wanted.co.kr/wd/23789,셰어라운드,서버/백엔드 개발자(Back-End Developer)
백엔드,https://www.wanted.co.kr/wd/187465,디노마드,백엔드 파트장 (9년 이상)
백엔드,https://www.wanted.co.kr/wd/105542,포자랩스,백엔드 개발자
백엔드,https://www.wanted.co.kr/wd/56543,로보코리아(LOVO Korea),백엔드 엔지니어
백엔드,https://www.wanted.co.kr/wd/138136,굳갱랩스,백엔드 개발자
백엔드,https://www.wanted.co.kr/wd/189083,섬재,서버 / 백엔드 개발자
백엔드,https://www.wanted.co.kr/wd/158486,로웸,백엔드 개발자
백엔드,https://www.wanted.co.kr/wd/188108,제네시스네스트,Linux C/C++ 백엔드 서버 개발자
백엔드,https://www.wanted.co.kr/wd/164890,이파피루스,백엔드 개발자(JAVA)
백엔드,https://www.wanted.co.kr/wd/163272,투어라이브,백엔드개발자 (Django / Python)
백엔드,https://www.wanted.co.kr/wd/6322,크레비스파트너스(도너스),SaaS 백엔드 개발자 (전문연구요원 가능)
백엔드,https://www.wanted.co.kr/wd/192514,슬로그업,[Alert] 백엔드 프로덕트 엔지니어
백엔드,https://www.wanted.co.kr/wd/126949,모인(MOIN),개발팀 백엔드 엔지니어
백엔드,https://www.wanted.co.kr/wd/134160,북아이피스,NodeJS 백엔드 개발
백엔드,https://www.wanted.co.kr/wd/60926,아이네블루메(채티),백엔드 엔지니어 (Python)
백엔드,https://www.wanted.co.kr/wd/181781,핀다(FINDA),백엔드 개발자 (시니어)
백엔드,https://www.wanted.co.kr/wd/186544,마인이스(차란),백엔드 엔지니어 (Go)
백엔드,https://www.wanted.co.kr/wd/184904,어글리스미스,백엔드 개발자
백엔드,https://www.wanted.co.kr/wd/36268,위밋모빌리티,백엔드 개발자 및 개발리더
백엔드,https://www.wanted.co.kr/wd/172692,파킹클라우드,자바 백엔드 개발자(클라우드팀)
백엔드,https://www.wanted.co.kr/wd/106653,아이엠에스원,플랫폼 백엔드 개발자 (Python Django)
백엔드,https://www.wanted.co.kr/wd/162630,워트인텔리전스,백엔드 개발자
백엔드,https://www.wanted.co.kr/wd/92394,이글루코퍼레이션,서버 백엔드 개발 (빅데이터보안연구소)
백엔드,https://www.wanted.co.kr/wd/106884,트리즈네트웍스,백엔드개발
백엔드,https://www.wanted.co.kr/wd/66521,바로팜,[200억↑투자] 백엔드 개발자(Python)
백엔드,https://www.wanted.co.kr/wd/172810,미니레코드,Java 개발자 (백엔드) (시니어)
백엔드,https://www.wanted.co.kr/wd/156443,발란(BALAAN),백엔드 엔지니어 (발란몰)
백엔드,https://www.wanted.co.kr/wd/188695,스냅태그,백엔드 (Node.js) 개발 (3년 이상)
백엔드,https://www.wanted.co.kr/wd/167457,가제트코리아,백엔드(BE)Crew (2년 이상)
백엔드,https://www.wanted.co.kr/wd/105447,버킷플레이스(오늘의집),"Senior Software Engineer, Backend"
백엔드,https://www.wanted.co.kr/wd/190016,앵커스,백엔드 개발자 (9년 이상)
백엔드,https://www.wanted.co.kr/wd/149567,다운포스,풀스택 (프론트엔드&백엔드) 이커머스 솔루션 개발자
백엔드,https://www.wanted.co.kr/wd/156681,디쉐어,Python 백엔드 개발자 (생성형AI 플랫폼 개발)
백엔드,https://www.wanted.co.kr/wd/141270,더에이아이랩,백엔드 개발자
백엔드,https://www.wanted.co.kr/wd/161317,텐,인공지능 MLOps 플랫폼 백엔드 개발자 (파이썬/3년 이상)
백엔드,https://www.wanted.co.kr/wd/168646,제네시스랩,[200억↑투자] Applied AI Scientist_Backend
백엔드,https://www.wanted.co.kr/wd/191177,딥노이드(Deepnoid),서버/백엔드 개발자
백엔드,https://www.wanted.co.kr/wd/190906,라텔앤드파트너즈,Java 백엔드 개발자 (4년 이상)
백엔드,https://www.wanted.co.kr/wd/175618,베링랩,백엔드 개발자 (Python/Rust)
백엔드,https://www.wanted.co.kr/wd/187765,아우토크립트,Node.js 백엔드 개발자 (5년/팀장급)
백엔드,https://www.wanted.co.kr/wd/118713,오늘앤파트너스,데이터베이스 백엔드 개발자
백엔드,https://www.wanted.co.kr/wd/176126,골든플래닛,백엔드 개발자 (SI)
백엔드,https://www.wanted.co.kr/wd/189581,위메이드(WEMADE),"백엔드 개발(DeFi / Lending, Crypto Dollar)"
백엔드,https://www.wanted.co.kr/wd/169936,트웰브랩스(Twelve Labs),[200억↑투자] Backend Engineer(백엔드 엔지니어)
백엔드,https://www.wanted.co.kr/wd/102209,아이페이지온,C/C++ 리눅스 서버 개발자(미디어 서버)
백엔드,https://www.wanted.co.kr/wd/185183,넥슨코리아(NEXON),[인텔리전스랩스] 게임 이상탐지 백엔드 개발자 (Go)
백엔드,https://www.wanted.co.kr/wd/191853,네오에이블,서버 / 백엔드 개발
백엔드,https://www.wanted.co.kr/wd/163812,센슈얼모먼트,백엔드 개발자
백엔드,https://www.wanted.co.kr/wd/151731,블렌딩(Vlending),백엔드 개발자
백엔드,https://www.wanted.co.kr/wd/185934,루와콘텐츠그룹,백엔드 서버 개발자(3년차 이상)
백엔드,https://www.wanted.co.kr/wd/69579,와이즈버즈(wisebirds),백엔드 개발자 (3년 이상)
백엔드,https://www.wanted.co.kr/wd/98964,어라운더블,백엔드 개발자
백엔드,https://www.wanted.co.kr/wd/122475,파킹클라우드,자바 백엔드 개발자(사이트팀)
백엔드,https://www.wanted.co.kr/wd/152035,에이피더핀,백엔드 개발자
백엔드,https://www.wanted.co.kr/wd/161812,케이타운포유,[100억↑투자] 백엔드 개발자
백엔드,https://www.wanted.co.kr/wd/156521,뮤즈블라썸,백엔드 개발자 (Node.js)
백엔드,https://www.wanted.co.kr/wd/49972,인플루엔셜(윌라),백엔드 개발자
백엔드,https://www.wanted.co.kr/wd/174224,스파이더크래프트,백엔드 개발자
백엔드,https://www.wanted.co.kr/wd/167652,아토맘코리아,백엔드
백엔드,https://www.wanted.co.kr/wd/181630,트랄라랩,[블록체인] 백엔드 개발자
백엔드,https://www.wanted.co.kr/wd/186678,파이프트리스마트팜(PAIPTREESmartFarmInc.),백엔드 개발자
백엔드,https://www.wanted.co.kr/wd/122110,뷰브레인헬스케어,백엔드 개발자
백엔드,https://www.wanted.co.kr/wd/170535,엘알에이치알,"백엔드 엔지니어(Python, Django)"
백엔드,https://www.wanted.co.kr/wd/142168,롯데헬스케어,커머스 백엔드 엔지니어 (개발 리더)
백엔드,https://www.wanted.co.kr/wd/151721,넥슨코리아(NEXON),[인텔리전스랩스] MLOps팀 백엔드 개발자 (Python/Go)
백엔드,https://www.wanted.co.kr/wd/180600,비댁스,가상자산서비스 백엔드 엔지니어
백엔드,https://www.wanted.co.kr/wd/106065,스튜디오갈릴레이,백엔드 개발자
백엔드,https://www.wanted.co.kr/wd/173563,케이에스티씨,백엔드(Back-end) 개발자 (JAVA)
백엔드,https://www.wanted.co.kr/wd/184656,에스지에이솔루션즈,[SGA홀딩스] 경영정보화팀(JAVA전산시스템) 백엔드 개발자
백엔드,https://www.wanted.co.kr/wd/136037,올카커뮤니케이션,백엔드 개발자
백엔드,https://www.wanted.co.kr/wd/177855,엠몬스타,PHP 백엔드 개발자 (3~7년)
백엔드,https://www.wanted.co.kr/wd/185427,에이치엠씨네트웍스,백엔드(PHP) 개발자
백엔드,https://www.wanted.co.kr/wd/142794,세무통,백엔드 개발자
백엔드,https://www.wanted.co.kr/wd/144962,더블미디어,스프링 백엔드 개발자
백엔드,https://www.wanted.co.kr/wd/175303,데일리샷,백엔드 개발자(3년 이상)
백엔드,https://www.wanted.co.kr/wd/187120,자이온아이티에스,node.js 서버/백엔드 개발자 (미들급)
백엔드,https://www.wanted.co.kr/wd/141865,유진로봇,개발본부 AMS팀 백엔드(Back-end) 개발자
백엔드,https://www.wanted.co.kr/wd/191447,휴가중,Django 백엔드 개발자 (5년 이상)
백엔드,https://www.wanted.co.kr/wd/183327,엠포스,백엔드 개발자(3년 이상)
백엔드,https://www.wanted.co.kr/wd/177104,파워테스크,백엔드 개발자
백엔드,https://www.wanted.co.kr/wd/192033,버즈니(Buzzni),[커머스 AI 스쿼드] AI 백엔드 엔지니어 (전문연구요원 가능)
백엔드,https://www.wanted.co.kr/wd/190085,프롬나드에이아이,백엔드 시니어 개발자
백엔드,https://www.wanted.co.kr/wd/191976,팀메타,php 백엔드 개발자
백엔드,https://www.wanted.co.kr/wd/163332,비피앤솔루션,백엔드 개발자
백엔드,https://www.wanted.co.kr/wd/188422,픽소(PIXO),백엔드 엔지니어 (5년 이상)
백엔드,https://www.wanted.co.kr/wd/101373,"우아한형제들(배달의민족,Tech)",딜리버리플랫폼실 배민커넥트 서비스 백엔드 시스템 개발자
백엔드,https://www.wanted.co.kr/wd/185541,에버엑스,백엔드 개발자
백엔드,https://www.wanted.co.kr/wd/140271,셀키,백엔드 개발자
백엔드,https://www.wanted.co.kr/wd/171194,에이앤티랩스,백엔드 개발자(3년 이상)
백엔드,https://www.wanted.co.kr/wd/94402,다임리서치,[100억↑투자] 백엔드 엔지니어 (AI 로봇 관제 솔루션)
백엔드,https://www.wanted.co.kr/wd/169831,한국미용데이터,백엔드 웹개발자 (AWS)
백엔드,https://www.wanted.co.kr/wd/159320,크로커스,백엔드 엔지니어 (연구개발 SW EV팀)(NODEJS)
백엔드,https://www.wanted.co.kr/wd/179283,풀스택,백엔드 개발자 (팀장급)
백엔드,https://www.wanted.co.kr/wd/41538,에이블리코퍼레이션,백엔드 엔지니어 (시니어)
백엔드,https://www.wanted.co.kr/wd/169486,제이펀,백엔드 PYTHON 엔지니어
백엔드,https://www.wanted.co.kr/wd/155381,일루니,인프라 및 백엔드 엔지니어
백엔드,https://www.wanted.co.kr/wd/179410,와인루트,시니어 백엔드 개발자
백엔드,https://www.wanted.co.kr/wd/153973,버킷플레이스(오늘의집),"Technical Lead & Manager, Backend"
백엔드,https://www.wanted.co.kr/wd/191940,디버,백엔드 개발자 (파트장 ~ 팀장)
백엔드,https://www.wanted.co.kr/wd/169986,키즈노트,백엔드 개발자
백엔드,https://www.wanted.co.kr/wd/191956,더즌(dozn),금융기술팀 백엔드 개발 시니어 (8년이상)
백엔드,https://www.wanted.co.kr/wd/57878,엘리스,백엔드 엔지니어 (Python)
백엔드,https://www.wanted.co.kr/wd/85836,넛지헬스케어(캐시워크),백엔드 개발자(Node.js)(병역특례_현역/보충역)
백엔드,https://www.wanted.co.kr/wd/187627,블루웨일컴퍼니,백엔드 개발자(시니어)
백엔드,https://www.wanted.co.kr/wd/157497,버즈니(Buzzni),[커머스 AI 스쿼드] 커머스 플랫폼 백엔드 엔지니어 (전문연구요원 가능)
백엔드,https://www.wanted.co.kr/wd/185019,에스알파테라퓨틱스,[전문연구요원] 백엔드 개발자
백엔드,https://www.wanted.co.kr/wd/143285,플라잉캣,시니어 백엔드 개발자
백엔드,https://www.wanted.co.kr/wd/40215,씨드로닉스,백엔드 개발(AI데이터 관리 플랫폼)
백엔드,https://www.wanted.co.kr/wd/126733,브레스커뮤니케이션즈,백엔드 개발자 (Backend Developer)
백엔드,https://www.wanted.co.kr/wd/72540,에이미랩스,"백엔드 개발자 5년차 이상 (JAVA, Spring)"
백엔드,https://www.wanted.co.kr/wd/139070,피어테크(지닥),[병역특례_보충역/전직] 백엔드 개발
백엔드,https://www.wanted.co.kr/wd/91731,브레이크앤컴퍼니,백엔드 개발자 (시니어) [Node.js]
백엔드,https://www.wanted.co.kr/wd/110072,플래티어,[그루비 SaaS 솔루션] 백엔드 개발자 (6년 이상)
백엔드,https://www.wanted.co.kr/wd/129559,베어런,백엔드(서버) 개발자 (4년~7년)
백엔드,https://www.wanted.co.kr/wd/164678,앙트러리얼리티,백엔드 소프트웨어 엔지니어
백엔드,https://www.wanted.co.kr/wd/178114,맥스트(MAXST),[솔루션] 백엔드 개발자 (3년 이상)
백엔드,https://www.wanted.co.kr/wd/144041,인터비젼,백엔드 Spring 개발자(대구본사)
백엔드,https://www.wanted.co.kr/wd/176859,위매드블록,블록체인 백엔드 개발
백엔드,https://www.wanted.co.kr/wd/179840,파이노버스랩(페이먼스),소프트웨어 엔지니어(백엔드)(3년 이상)
백엔드,https://www.wanted.co.kr/wd/155160,휴가중,Django 백엔드 개발자(3년~)
백엔드,https://www.wanted.co.kr/wd/178180,트립일레븐,백엔드 개발자
백엔드,https://www.wanted.co.kr/wd/192168,위메이드(WEMADE),백엔드 개발(NILE 플랫폼)
백엔드,https://www.wanted.co.kr/wd/190887,테이블엔조이,백엔드 개발 (파트 리더)
백엔드,https://www.wanted.co.kr/wd/191571,아이쿱,테서랙트 개발팀 백엔드 개발
백엔드,https://www.wanted.co.kr/wd/161551,에이아이에이생명(AIA생명),모바일 헬스케어 플랫폼 백엔드 개발자
백엔드,https://www.wanted.co.kr/wd/175694,쿠팡,"Staff 백엔드 개발자, Fulfillment Optimization"
백엔드,https://www.wanted.co.kr/wd/182859,엘리스,글로벌팀 백엔드 엔지니어 (Python)
백엔드,https://www.wanted.co.kr/wd/192107,클루닉스,백엔드 시스템 개발
백엔드,https://www.wanted.co.kr/wd/49676,아론티어,웹 백엔드 개발자
백엔드,https://www.wanted.co.kr/wd/162661,아이쿠카,백엔드 개발자 (7년이상)
백엔드,https://www.wanted.co.kr/wd/123952,파이퍼블릭,백엔드 개발자
백엔드,https://www.wanted.co.kr/wd/160912,누벤트,서비스 백엔드 개발자 (node.js) (4년 이상)
백엔드,https://www.wanted.co.kr/wd/156461,네오사피엔스(타입캐스트),백엔드 개발자(Senior)
백엔드,https://www.wanted.co.kr/wd/176121,골든플래닛,백엔드개발자 (자사솔루션)
백엔드,https://www.wanted.co.kr/wd/59467,아세아도,"PHP 웹사이트 개발 (front, backend)"
백엔드,https://www.wanted.co.kr/wd/154893,모니모니,백엔드(Backend) 개발자(5년 이상)
백엔드,https://www.wanted.co.kr/wd/186915,아인잡(AINJOB),HR PLATFORM 백엔드 개발 리더 PM (7년 이상)
백엔드,https://www.wanted.co.kr/wd/135767,에이엔드,Java 기반 백엔드 개발자
백엔드,https://www.wanted.co.kr/wd/167155,해피블록,디지털자산 웹서비스 백엔드 개발
백엔드,https://www.wanted.co.kr/wd/154279,세븐픽쳐스,[넷플연가] 백엔드 엔지니어 (3년 이상)
백엔드,https://www.wanted.co.kr/wd/192155,1인치,[단골가게] 백엔드(PHP) 개발자
백엔드,https://www.wanted.co.kr/wd/181793,비주얼신,백엔드 시니어 개발자(10년 내외)
백엔드,https://www.wanted.co.kr/wd/106877,앤트(aaant),백엔드 개발자 Node.js
백엔드,https://www.wanted.co.kr/wd/171819,패스트파이브,시니어 백엔드 개발자 (Java/Kotlin)
백엔드,https://www.wanted.co.kr/wd/48104,탭조이코리아(Tapjoy),"시니어 소프트웨어 엔지니어 (백엔드 개발자, 5년 이상)"
백엔드,https://www.wanted.co.kr/wd/176958,바이브컴퍼니,금융 서비스 백엔드 개발자
백엔드,https://www.wanted.co.kr/wd/184861,아토머스(마인드카페),시니어 백엔드 개발자
백엔드,https://www.wanted.co.kr/wd/160009,코드크레인(CodeCrain),"데이터엔지니어링/백엔드 개발자 (Python, Node.js)"
백엔드,https://www.wanted.co.kr/wd/182453,옴니어스(OMNIOUS),백엔드 엔지니어
백엔드,https://www.wanted.co.kr/wd/180049,세샤트,백엔드 서버 개발 리드 (Node.JS)
백엔드,https://www.wanted.co.kr/wd/181960,더블미디어,Golang 기반 백엔드 개발자
백엔드,https://www.wanted.co.kr/wd/140999,와탭랩스(WhaTapLabs),[100억↑투자] 백엔드 에이전트 개발(Golang)
백엔드,https://www.wanted.co.kr/wd/188009,자이온아이티에스,node.js 서버/백엔드 개발자 미들~시니어급 (5년차 이상)
백엔드,https://www.wanted.co.kr/wd/89905,마키나락스,백엔드 엔지니어 (MLOps 제품개발)
백엔드,https://www.wanted.co.kr/wd/170913,의식주컴퍼니(런드리고),[100억↑투자] 백엔드 개발자(Golang/2년이상)
백엔드,https://www.wanted.co.kr/wd/163113,히어로웍스,백엔드 개발자
백엔드,https://www.wanted.co.kr/wd/163188,매드업,시니어 백엔드 개발자 (테크사업부)
백엔드,https://www.wanted.co.kr/wd/156923,루센트블록,[Tech] SW Development Engineer (Backend)
백엔드,https://www.wanted.co.kr/wd/176485,아백,백엔드 웹 개발자
백엔드,https://www.wanted.co.kr/wd/191812,와디즈,자바 백엔드 개발 - 회원개발 (5년차 이상)
백엔드,https://www.wanted.co.kr/wd/150740,더이앤엠,백엔드팀
백엔드,https://www.wanted.co.kr/wd/191134,인디제이,백엔드 개발자
백엔드,https://www.wanted.co.kr/wd/167377,제이펀,시니어 백엔드 PYTHON 엔지니어
백엔드,https://www.wanted.co.kr/wd/44657,테서,백엔드 엔지니어 [3년이상]
백엔드,https://www.wanted.co.kr/wd/184836,부동산일일사,백엔드 개발 및 외주 관리자
백엔드,https://www.wanted.co.kr/wd/133705,다아라봄엔터테인먼트,백엔드 개발자
백엔드,https://www.wanted.co.kr/wd/102223,트리플콤마(골드스푼),시니어 백엔드 엔지니어
백엔드,https://www.wanted.co.kr/wd/188265,유진로봇,AMS사업부 SI팀 백엔드 개발자
백엔드,https://www.wanted.co.kr/wd/35038,씨드로닉스,백엔드 개발
백엔드,https://www.wanted.co.kr/wd/184569,아파트아이,JAVA 백엔드 개발자 (차장급)
백엔드,https://www.wanted.co.kr/wd/178948,애딥랩,"백엔드 개발자(C#, Java, Python, Hack)"
백엔드,https://www.wanted.co.kr/wd/163255,투블럭에이아이,파이썬 백엔드 개발자
백엔드,https://www.wanted.co.kr/wd/171162,와이즈버즈(wisebirds),백엔드 개발자 (팀장급/6년 이상)
백엔드,https://www.wanted.co.kr/wd/46260,코딧(CODITCorp.),"백엔드 개발자 (Node.js, 3년 이상)"
백엔드,https://www.wanted.co.kr/wd/164098,윌로그,백엔드 개발자(3년 이상)
백엔드,https://www.wanted.co.kr/wd/44155,액션파워,백엔드 개발자 [API 서버]
백엔드,https://www.wanted.co.kr/wd/189868,렌트리,백엔드 개발자 (5년 이상)
백엔드,https://www.wanted.co.kr/wd/148896,퀀팃,금융투자플랫폼 서비스 백엔드 개발자 (senior)
백엔드,https://www.wanted.co.kr/wd/150374,알스퀘어,[1100억↑투자] 백엔드 개발자 (8년 이상)
백엔드,https://www.wanted.co.kr/wd/185153,아인잡(AINJOB),"[자사 웹/앱 플랫폼 서비스] 백엔드 개발 (자바, springboot 5년+)"
백엔드,https://www.wanted.co.kr/wd/180891,엔에이치엔커머스(nhn커머스),커머스 플랫폼 백엔드 개발자(부산지사)
백엔드,https://www.wanted.co.kr/wd/145324,딱플,개발팀 백엔드/서버 개발자
백엔드,https://www.wanted.co.kr/wd/167854,온코메드,"백엔드 개발자 (리드급, 8년 이상)"
백엔드,https://www.wanted.co.kr/wd/139850,유비씨,디지털 트윈 백엔드 개발
백엔드,https://www.wanted.co.kr/wd/167160,아이엠에스커넥트,[FMS] 백엔드 개발(3년 이상)
백엔드,https://www.wanted.co.kr/wd/157405,텔레픽스,백엔드 엔지니어 (SW개발팀)
백엔드,https://www.wanted.co.kr/wd/145744,메셔,백엔드 리드
백엔드,https://www.wanted.co.kr/wd/170951,피노키오랩,백엔드 개발자(팀장 / 리더)
백엔드,https://www.wanted.co.kr/wd/182638,엠몬스타,PHP 백엔드 개발자 (3년 이상)
백엔드,https://www.wanted.co.kr/wd/192680,다큐브(daquv),백엔드 개발 시니어 리더
백엔드,https://www.wanted.co.kr/wd/170055,핸들리,PHP 백엔드 개발자 (3년차 이상)
백엔드,https://www.wanted.co.kr/wd/136776,디지털존마포지점,사업기획팀 자바 백엔드 개발자
백엔드,https://www.wanted.co.kr/wd/125378,한국해양기상기술,백엔드 팀 리드
백엔드,https://www.wanted.co.kr/wd/161559,리치에일리언,[100억↑투자] 게임 백엔드 개발자
백엔드,https://www.wanted.co.kr/wd/186370,아이브릭스,웹/앱 백엔드 개발자 (5년 이상)
백엔드,https://www.wanted.co.kr/wd/192290,인터엑스,[울산] 백엔드 개발자
백엔드,https://www.wanted.co.kr/wd/139577,파이랩테크놀로지,[100억↑투자] 백엔드개발자(전문연구요원 가능)
백엔드,https://www.wanted.co.kr/wd/152079,스마트소셜,백엔드 개발자(1년 이상)
백엔드,https://www.wanted.co.kr/wd/191206,에이시티게임즈,블록체인 백엔드 개발자
백엔드,https://www.wanted.co.kr/wd/191143,젭스,백엔드 개발자 (4년차 이상)
백엔드,https://www.wanted.co.kr/wd/182414,론픽,백엔드 개발자 (1년 이상)
백엔드,https://www.wanted.co.kr/wd/166451,루와콘텐츠그룹,"백엔드 서버 개발자(4년차 이상-초급,중급)"
백엔드,https://www.wanted.co.kr/wd/152114,와이어드컴퍼니,플랫폼팀 백엔드 엔지니어 (시니어 +5년)
백엔드,https://www.wanted.co.kr/wd/110659,로보코리아(LOVO Korea),[전문연구요원] 백엔드 엔지니어
백엔드,https://www.wanted.co.kr/wd/192690,크레이지알파카,백엔드 개발자(팀장/리더)
백엔드,https://www.wanted.co.kr/wd/163902,엔에스원소프트,백엔드 개발자(5-10년)
백엔드,https://www.wanted.co.kr/wd/59964,라이언로켓,시니어 백엔드 개발자 (5년 이상)
백엔드,https://www.wanted.co.kr/wd/165191,소프트스피어,시니어 백엔드 개발자
백엔드,https://www.wanted.co.kr/wd/144180,파운트(fount),[600억↑투자] [핀테크] RA(로보 어드바이저) 백엔드 개발
백엔드,https://www.wanted.co.kr/wd/99189,이글로벌시스템,백엔드/서버 개발자
백엔드,https://www.wanted.co.kr/wd/180802,라이브커넥트,[리드급] 백엔드 엔지니어
백엔드,https://www.wanted.co.kr/wd/154068,엔코아,부트캠프 강사(인공지능/빅데이터/백엔드)
백엔드,https://www.wanted.co.kr/wd/178580,파이랩테크놀로지,[100억↑투자] 메인넷 백엔드 개발자(전문연구요원 가능)
백엔드,https://www.wanted.co.kr/wd/155304,룩코,(리드) 백엔드 엔지니어 (전문연구요원 신규 / 전직 가능)
백엔드,https://www.wanted.co.kr/wd/189220,엔코아,[신입] 부트캠프 강사(인공지능/빅데이터/백엔드)
백엔드,https://www.wanted.co.kr/wd/138675,만나플래닛,백엔드 개발
백엔드,https://www.wanted.co.kr/wd/48226,베링랩,백엔드 개발자 (Python/Rust)
백엔드,https://www.wanted.co.kr/wd/184816,더리얼그룹,[리얼리] 백엔드 개발자
백엔드,https://www.wanted.co.kr/wd/178710,뱅크엑스,백엔드 개발자
백엔드,https://www.wanted.co.kr/wd/169206,코드잇(codeit),[100억↑투자] 교육 PM [백엔드 교육]
백엔드,https://www.wanted.co.kr/wd/120117,앤서스랩코리아,Plus Backend
백엔드,https://www.wanted.co.kr/wd/191881,데브툴즈,백엔드 개발자 (1년 이상)
백엔드,https://www.wanted.co.kr/wd/52614,해줌,[100억↑투자] 백엔드 개발자
백엔드,https://www.wanted.co.kr/wd/176038,메디플로우,백엔드 개발자(5년 이상)
백엔드,https://www.wanted.co.kr/wd/166458,루와콘텐츠그룹,백엔드 서버 개발자(9년차 이상-고급)
백엔드,https://www.wanted.co.kr/wd/167146,엠투클라우드,R&D팀 백엔드 개발자
백엔드,https://www.wanted.co.kr/wd/169842,피에스알미디어,백엔드 엔지니어
백엔드,https://www.wanted.co.kr/wd/158785,원프레딕트(OnePredict),[GUARDIONE MOTOR] 백엔드 엔지니어
백엔드,https://www.wanted.co.kr/wd/70210,아이엠에스모빌리티,"백엔드 개발자 (GO, linux)"
백엔드,https://www.wanted.co.kr/wd/97210,아이엠에스모빌리티,백엔드 고급 개발자 (8년 이상~)
백엔드,https://www.wanted.co.kr/wd/140997,와탭랩스(WhaTapLabs),[100억↑투자] 백엔드 에이전트 개발(C&C++)
백엔드,https://www.wanted.co.kr/wd/173205,비주얼(bejewel),[amondz] 백엔드 시니어 개발자 (7년 이상)
백엔드,https://www.wanted.co.kr/wd/158790,원프레딕트(OnePredict),[GUARDIONE SUBSTATION] 백엔드 엔지니어
백엔드,https://www.wanted.co.kr/wd/158792,원프레딕트(OnePredict),[GUARDIONE TURBO] 백엔드 엔지니어
백엔드,https://www.wanted.co.kr/wd/141909,아인잡(AINJOB),"[자사 웹/앱 플랫폼] 백엔드 개발리더 (자바,스프링부트, aws5년+)"
백엔드,https://www.wanted.co.kr/wd/171073,더엠컴퍼니,백엔드 개발자 (시니어)
백엔드,https://www.wanted.co.kr/wd/152132,브이디크럭스,JAVA 백엔드 시니어 개발자
백엔드,https://www.wanted.co.kr/wd/159046,우리요,서버/백엔드 개발자(3년차 이상)
백엔드,https://www.wanted.co.kr/wd/180305,더블미,백엔드 개발자
백엔드,https://www.wanted.co.kr/wd/172485,문토,백엔드 개발자 (시니어)
백엔드,https://www.wanted.co.kr/wd/178807,아브코랩,php 개발자 (백엔드)
백엔드,https://www.wanted.co.kr/wd/165486,발란(BALAAN),백엔드 엔지니어 시니어 (어드민)
백엔드,https://www.wanted.co.kr/wd/186377,피에스알미디어,백엔드 엔지니어
백엔드,https://www.wanted.co.kr/wd/169526,키즈노트,광고 백엔드 개발자
백엔드,https://www.wanted.co.kr/wd/129291,에이에프아이,백엔드 엔지니어 (7년 이상)
백엔드,https://www.wanted.co.kr/wd/192688,크레이지알파카,백엔드 개발자(팀원)
백엔드,https://www.wanted.co.kr/wd/179709,피노키오랩,백엔드 개발자(선임)
백엔드,https://www.wanted.co.kr/wd/154537,크리에이트립,백엔드 파트 리더
백엔드,https://www.wanted.co.kr/wd/165354,피플펀드컴퍼니(PeopleFundCompany),B2C 백엔드 엔지니어(Python) - 크레딧플래닛
백엔드,https://www.wanted.co.kr/wd/183255,한샘,서버
백엔드,https://www.wanted.co.kr/wd/186665,배럴아이,유망벤처기업 Back-end(백엔드) 개발자
