,index,position,company_name,description,requirement,preferred,like
0,246,모바일 백엔드/서버개발(nodeJS   TypeScript),한인플레이스,• 올켓 서비스 백앤드 서버 및 백오피스 개발 / DB모델링 • node.js 기반의 개할환경 • 더 좋은 서버환경을 위한 끊임없는 기술 R&D,• Rest API를 이해하고  Restful 하게 API를 개발할 수 있는 개발자  • Cloud 환경에서 Multi Instance Server 개발 경험자 우대  • CI/CD 및 Git 활용에 숙련된 경험자 우대  • Backend 개발플랫폼은 NodeJS + Typescript,• 자기주도적 업무를 지향하시는 분 • 새로운 기술도입에 대한 거부감이 없는 분 • 자유로운 분위기 속에 효율적인 개발 문화를 함께 만들어갈 분,3
1,432,모바일 헬스케어 플랫폼 백엔드 개발자,에이아이에이생명(AIA생명),• AIA Vitality 모바일 앱  back-end 서비스 개발 및 운영 • 비즈니스 요구사항 분석 및 설계 (이해관계자와의 협업 및 업무 조율) • AIA Vitality 서비스 모니터링 및 장애 대응 (장애 포인트를 지속적 검토하여 개선사항 도출) • AIA Vitality 모바일 앱 운영사업자(아웃소싱) 관리,• java 개발 경력 5년 이상 • 모바일 플랫폼 운영과 개발 전반에 대해 높은 이해도 • 비즈니스 영어 중급 이상 실력,• 상용앱 운영 경험자 • 보험 및 헬스케어 서비스 개발 및 운영 경험자 • Cloud 환경에서의 모바일 앱 개발 및 운영 경험자,0
2,685,프론트엔드 / 모바일 (Flutter) 엔지니어,드래프티파이,- Flutter 기반으로 서비스의 앱 및 웹 프론트엔드를 개발합니다. - 본인이 개발하는 기능의 맥락을 이해하고  가장 적합한 구현 형태를 고민합니다. - 실제 작성된 코드를 앱 또는 웹의 형태로 배포단계까지 진행합니다.,- (공통) 해외 여행에 결격 사유가 없을 것 - React / Vue 등 하나 이상의 웹 프레임워크  또는 IOS/안드로이드 앱 개발 경험 - 자료구조  알고리즘  데이터베이스 등의 프로그래밍 관련 기초 지식 - Git 등의 VCS에 대한 이해 및 사용 경험 - UI / UX에 대한 이해,- 1년 이상의 Flutter  또는 기타 hybrid 앱 관련 개발 경험 - Unix 기반 OS 환경에서의 개발 경험 - Vue로 작성된 웹사이트를 실제 서비스로 배포한 경험 - iOS / 안드로이드 앱을 실제로 앱스토어 / 플레이스토어에 배포한 경험 - SNS 형태의 서비스에 대한 웹/앱 개발 경험,2
3,887,모바일 프론트엔드 개발자(3년 이상),삼신,• 하모니랩 앱 개발(Flutter 선호) • 신규 기능 개발 및 개선 • 커뮤니케이션을 통한 앱 기획,• 삼신의 미션과 비전  중심 가치에 깊이 공감하시는분 • 개발 관련 전공 혹은 근무 경력 3년 이상 • 원할한 커뮤니케이션이 가능하신 분,•  Flutter 개발 경력 있으신 분 •  리액트  리액트 네이티브 경력 있으신 분 •  Firebase 및 AWS 기반 서비스를 경험해 보신 분 •  Ios  Android 개발 경력 있으신 분 •  의료  보건 산업쪽에 근무 경험이 있으신 분 •  스타트업 근무 경험이 있으신 분,1
4,1079,[모바일 게임] 데이터 기획 및 분석 담당자,해긴,• 자사가 서비스하는 게임의 지표를 정의하고  수집/분석하기 위한 DB  로그 설계 • 해당 데이터를 직관적으로 이해할 수 있도록 대시보드 기획  설계 • 게임 내 이상 데이터에 대한 추적 및 문서화 • 필요한 데이터를 추출  가공하여 사업 지표 시각화 • 유관 부서에 효과적으로 인사이트를 전달하기 위한 레포팅,• 데이터 관련 실무경력 4년 이상 • 통계 지식 및 관련 툴(SQL  Python 등) 을 사용한 데이터 추출 및 가공 능력 • 데이터를 기반으로 도출된 결과를 문서화 할 수 있는 능력 • 여러 팀과의 원활한 협업을 위해 커뮤니케이션 스킬이 좋으신 분,• 통계 및 프로그래밍 관련 학위 우대 (전산  수학 등) • 게임 관련 데이터 가공 및 분석 경험 • 외부 데이터 수집(Google Play  Apple Appstore  Appsflyer 등) 및 연동 경험  • 사업분석 및 의사 결정에 필요한 데이터 자료 분석 능력,4
5,1262,플러터 모바일앱 개발자,한국미용데이터,• 뷰카프로(뷰티업종 플랫폼앱) 프론트 개발 • 뷰카클래스(온라인 동영상강의앱) 프론트 개발,• 플러터 개발 경험자 • 앱개발(iOS  안드로이드) 개발 경력 1년 이상 • 오픈API 연동 서비스 개발,• 플러터를 통한 동영상서비스  코드푸시 사용경험 • Svelt  React등 프론트엔드 프레임워크 이해 • 인앱결제 서비스 개발 경험,0
6,1298,CJ ONE 모바일앱 Android 시스템 개발/운영,씨제이올리브네트웍스(CJ올리브네트웍스),- CJ ONE 모바일앱 Android 시스템 개발/운영 - Android Native  Hybrid 개발,[Experiences] - 총 경력 5년 이상 - B2C 서비스 개발 및 운영 업무 3년이상 수행 경험 필수 - 사용자 중심의 UX/UI에 대한 관심과 이해 - 모바일앱 시작부터 개발  배포  운영 경험 보유  [Skill/ Knowledge] □ Android Native  Hybrid 개발 경험 필수 - Java 고급 개발 역량  Kotlin 기본 개발 역량 - 자유로운 UI 구성 및 이벤트 처리 개발 역량 - 멀티 쓰레드  네트워크  데이터베이스  비동기 처리 개발 역량 - Git 형상관리에 대한 역량 보유 - 원활한 커뮤니케이션 능력 및 협업 능력 보유자 - 사용자 중심의 UX/UI에 대한 관심과 이해,[Education] - 컴퓨터 공학  IT 전공 우대,7
7,1299,모바일 개발자(iOS/Android),클래스유,• 고객/서비스 지향적인 모바일 설계 및 개발,• 클래스유의 신념  미션  비전에 공감하시는 분 • Swift (or) Kotlin개발 경험  [업무경험] ㆍ 실제 서비스를 만들어 본  운영해 본 경험이 있으신분,• 프로젝트 주도 경험,4
8,1301,배달파트 모바일 개발자 (Android),바로고(barogo),[주요업무] • 바로고 라스트마일 딜리버리 플랫폼 Mobile application 개발  • 라이더앱-안드로이드 개발 담당   [우리팀 소개] ‘배달파트’는 라스트마일 딜리버리의 핵심 역할을 담당하고 있습니다. 중개된 주문정보(배달대행 요청)를 고객에게 배달하기까지의 전체 과정을 담당하고 있습니다. 우리 팀의 기술 스택은 • (공통) 협업툴-슬랙  문서관리-노션 • (공통) 기획관련-Figma  Miro  Git • (공통) 개발관련-Git  Android Studio  Flutter(예정) • (팀내) Java  Kotlin,• Android 기반의 Mobile application 개발 경험을 3년 이상 보유하신 분 • mvvm  클린아키텍쳐 • 코틀린 flow 사용 • 지도(Naver/Google Map) 연동 경험 • 유관 업무 경력 3년 이상,• 실행력 좋은 사람 / 에너지 좋은 사람 ( 쉬지않고 개인이던  업무에서건 Try하는 결과물이 있는사람) • 프로젝트를 A to Z 다루어 본 사람 • 푸드테크 및 라스트마일 딜리버리 도메인 경험이 있는 분 • 모빌리티 및 관제 관련 서비스(앱) 개발을 경험하신 분 • 개발에 재미를 느끼고  새로운 기술에 대한 습득을 열심히 하고  앞으로도 계속 개발을 하고 싶은 분 • 만들어진 코드에 대한 이해심과 함께 자발적으로 코드를 리팩토링하고 테스트 코드를 작성하는 분 • RESTful API 연동 경험 • 구글 플레이 스토어 앱 등록 및 운영 경험 있으신 분 • 안드로이드 UI/UX 가이드라인에 대한 이해도가 높으신 분 • Flutter 등 크로스플랫폼 언어에 대한 방향성을 갖고 계신 분   (현재 안드로이드/iOS 분리 개발 중. 크로스플랫폼 개발의 방향성을 고려하고 있습니다.) • 기획  디자인  서버 직군과 원활하게 소통하고 적극적으로 협업하실 수 있는 분   [R&D개발문화] # 성장에 합당하게 대우합니다. • 코드리뷰  깃브랜치 전략  스프린트 등 다양한 활동을 통해 더 나은 개발문화와 성장을 고민합니다. • 세분화된 레벨 제도를 통해  매년 개인별 역량과 업적을 상세히 평가하고 인정합니다. • 연공서열보다 역량이 중요합니다. 바로고 R&D에서는 90년대생 개발팀장이 나옵니다. • 바로고 R&D의 성장과 함께할 분을 모십니다. 최대 700만원의 추천 포상금을 지급합니다.  # 임팩트있게 일 합니다. • IT직무 부분 재택 근무중입니다.(주 2회 재택근무) • 회식은 필요할 때만! 온라인 미팅으로 대체하기도 합니다. • 월요일 13시 출근으로 충분한 주말을 갖습니다. • 매 스프린트마다 투입가능 시간(리소스)을 반영한 효율적인 개발 Plan을 세우고 있습니다.  # 협업과 공유는 성장의 첫 단계 입니다. • 테크 블로그 및 사내 공유를 통해 함께 공유하고 성장합니다. (사내교육/문화 활동에 리워드 지급) • 코드리뷰는 꼭 합니다. 동료 3인 이상이 리뷰하지 않으면 머지하지 않습니다. • 코드리뷰/깃브랜치는 단순히 상급자의 검토가 아니라 성장을 목표로 개발자간의 피드백/리뷰를 지향합니다.  # 애자일 프로세스를 지향합니다.  • 개발자와 PM/Product Designer가 한 팀 처럼 Scrum팀 구조로 일합니다. • 스프린트를 단순한 스케줄링의 목적으로 활용하지 않습니다. • P-1&P0&P1  플래닝(기획)은 목적 의식을 갖고 문제 해결에 집중할 수 있도록 디테일하게 진행합니다. 데모(회고)를 통해 피드백하며 Align 합니다.,6
9,1302,식권대장 모바일 App 개발자(Android),벤디스(식권대장),• 식권대장 서비스의 Android 모바일 클라이언트 앱 개발 / 유지보수 • 식권대장 App 개발 및 유지보수 • 식당대장 App 개발 및 유지보수,• 경력 3년 이상 • Android  Java 능통자 • 모바일 UI / UX에 대한 높은 이해도 • Android 최신 트랜드를 이용한 개발 경험 • 개발자 외 타 직군과도 원활히 소통하는 능력 • Git / Github 사용 및 기본이해 • Native App 런칭 및 운영/보수 경험,• Kotlin 능통자 • Figma를 이용한 협업 경험 • Hybrid App 개발경험 및 웹 개발 경험 • Flutter 개발 및 운영 경험 • 단위테스트/테스트 자동화에 대한 경험 • 다양한 오픈소스 사용 경험 • 아키텍쳐  클린코드  리펙토링  코드리뷰에 경험이나 관심이 많으신 분,2
10,1303,모바일 앱 개발자 (Flutter),에스케이디앤디(SK D&D),에피소드 주거 공간에서 생활 경험을 온라인으로 연결하는 플랫폼 서비스 앱 개발 업무 • Flutter 앱 개발 및 서비스 고도화 • 생산성  안정성 및 퍼포먼스 향상을 위한 모니터링  라이브러리 관리  모듈화 등의 활동 • 유저 사용성 개선을 위해 유관 부서와 협업 • 에피소드 서비스의 신규 기능 개발,• Flutter 앱 개발 및 배포 경험 (2년 이상 혹은 그에 상응하는 경험) • 끈기 있는 디버깅  문제 해결 능력 • 끊임 없는 개발 지식 탐구,• 프롭테크 서비스 개발 경험 • O2O  IoT 서비스 연동 개발 경험 • 컴퓨터 공학 관련 전공 혹은 컴퓨터 과학에 대한 기반 지식이 있으신 분 • Custom UI Component 개발 경험 • Android or iOS Native 앱 개발 및 배포 경험 • 테스트 코드 작성 경험이 있고  안정성 확보를 위해 노력한 경험이 있으신 분,24
11,1306,웹/모바일 자사 솔루션 퍼블리셔,디더블유아이,ㆍ자사 보유 솔루션 개발/유지보수 퍼블리싱 ( UI/UX 개선 ) ㆍ자사 솔루션 기반의 구축 프로젝트 등 퍼블리싱,ㆍ경력 : 경력 2년 이상 ㆍHTML  CCS  javascript  jquery 활용 가능하신 분 ㆍ앱  웹(모바일  반응형 포함) 퍼블리싱 가능하신 분 ㆍ웹 표준에 대한 이해도가 있는 분 ㆍ포트폴리오 제출 필수,ㆍUX/UI에 대한 이해가 있고  개발 파트와 협업 경험이 있으신 분 ㆍ웹 접근성에 대한 이해도가 있으신 분 ㆍ크로스부라우징 퍼블리싱 작업 가능하신 분 ㆍ디자인도구(포토샵  일러스트레이터 등) 기본 활용 가능한 분,5
12,1308,Android 모바일 앱 개발자,밀리의서재,• 밀리의 서재 Android 앱을 개발합니다.      - 오디오북  오디오드라마 등의 멀티미디어 뷰어 개발      - EPub  PDF 뷰어 개발      - 서재 관리 비즈니스 로직 개발      - 최적의 아키텍처 제안  주도,• 최소 5년 이상의 Android 또는 iOS 모바일 앱 개발 경력이 필요해요.  • MVI  MVP  MVVM 설계 경험이 있어야 해요.  • 다양한 이해관계자(기획자  디자이너 등)와 유연하게 소통할 수 있어야 해요.  • 뛰어난 문제 해결 능력으로 이슈 사항을 끝까지 마무리하는 역량이 필요해요.,• 1년 이상의 10만 이상 다운로드 앱 개발 경력을 우대해요.  • 미디어 서비스 및 exoplayer  Multi DRM 등 개발 경험을 우대해요.  • 타 플랫폼(iOS  web  flutter등)의 프로젝트 경험을 우대해요 • Android auto 및 watch OS 개발 경험을 우대해요.  • CI/CD 등 자동화 개발환경에 대한 이해도를 우대합니다. • Git-flow 운영 경험을 우대해요.  • Jira  Cofluence  Slack 등 협업툴에 대한 높은 이해도를 우대해요.    제출 서류 • 경력기술서가 포함된 이력서는 필수 제출 사항이며 포트폴리오는 선택 사항입니다. • 제출시 희망연봉 기재 및 PDF 형식을 권장합니다.  전형 과정 • 서류 전형 - 1차 면접(직무) - 2차 면접(임원) - 처우 협의 - 최종 합격 • 면접 진행을 위해 간단한 사전 과제를 요청드릴 수 있습니다.,2
13,1310,Flutter 모바일 개발자,브레이크앤컴퍼니,- 신규서비스의 모바일 개발(Android & iOS Flutter 프레임워크) - PM  디자이너 등 다양한 직군과 협업하여 서비스 설계 - CI/CD 관리 및 배포,- 앱 개발  운영을 경험한 실무 2년 이상 또는 이에 준하는 역량을 보유하신 분 - Flutter로 앱 개발 및 상용화 경험이 있으신 분 - 위의 조건이 안되더라도 Flutter 기반 앱 개발자로의 전환에 의지가 있으신 분 - 성장을 위해 도전하고 이에 즐거움을 느끼는 분 - 비효율적인 것을 싫어하고 이를 개선해나가고 싶은 분 - 자기 주도적으로 동기부여 가능하며  항상 배우려고 노력하는 분 - 스스로 목표설정하고 주도적인 업무진행이 가능한 분,- iOS 또는 Android Native 앱 개발 경험이 있으신 분 - Provider/Bloc/Riverpod 등 상태관리 패턴을 사용해본 경험이 있으신 분 - Fastlane 등 CI/CD를 직/간접 구축한 경험이 있는 분 - 다양한 이해관계자와의 원만한 커뮤니케이션을 통해 요구사항을 이해하고 정리할 수 있는 분,1
14,1311,모바일 앱 개발자 (모바일FO),지에스리테일(GS리테일),우리동네GS Mobile App • Cross Platform인 Flutter 기반 Native App 개발 및 운영 • iOS&Android Native 연동 및 최적화 작업 진행 • React JS 기반 모바일 웹 페이지 개발 및 운영 • UI&UX 개선을 위한 기획 및 디자인과의 협업,• 학력 : 4년제 대학 졸업 이상 • 경력 : 2년 이상,• Flutter 기반 개발에 대한 이해 및 경험이 있으신 분 • 다양한 언어 및 개발 환경에 대해 개방적 학습 태도를 지니신 분 • React 등 SPA 프레임워크 환경에서의 개발 경험이 있으신 분 • 긍정적이고 협업이 원활하신 분 • 영어 능통하신 분,4
15,1312,모바일 UI/UX 디자이너,삼신,• 삼신의 앱 서비스인 하모니랩을 처음 이용하는 고객이 고민없이 서비스를 이용 할 수 있도록 앱 내 경험을 디자인하고 개선 • 고객의 반응 및 피드백을 바탕으로 하여 앱 UI/UX를 개선 • 커뮤니케이션을 통한 앱 기획,• 삼신의 미션과 비전  중심 가치에 깊이 공감하시는분 • 디자인 관련 전공 혹은 근무 경력 • 원할한 커뮤니케이션이 가능하신 분 • 정량  정성적 데이터에 근거하여 해석하여 설계하실 수 있는 분,• 모바일 서비스의 프로덕트 디자인 경험 있으신 분 • 디자인 시스템을 제작 및 관리 개선하며 서비스를 고도화 한 경험이 있으신 분 • Figma  Adobe  Protopie 툴을 능숙하게 다룰 수 있으신 분 • 의료  보건 산업쪽에 근무 경험이 있으신 분 • 스타트업 근무 경험이 있으신 분,4
16,1315,모바일 앱  웹 UX 디자이너,서플럭스,• 모바일 앱 디자인,• Adobe Photoshop • Figma,• 스스로 업무를 관리 할수있는 분,0
17,1316,[FC모바일] 게임 사업 PM (1년 이상),넥슨코리아(NEXON),- 트래픽/리텐션 확보를 위한 사업활동 기획 및 실행 - 인게임/웹 이벤트 보상량 기획 및 협업을 통한 실행 - 결과 데이터 분석 기반의 사업 지표 관리 및 개선 방향 도출,- 1년 이상의 게임 또는 디지털/온라인 서비스 경력을 보유하신 분 (게임 및 서비스 장르 무관  MMORPG/이커머스 등) - PvP 또는 RPG 게임 플레이 경험이 풍부하신 분 - 가설 기반의 데이터 분석 및 인사이트 도출 능력을 보유하신 분,- MS Office (Excel  Power Point) 활용 능력 및 경험이 풍부하신 분 - SQL 활용한 데이터 분석 경험을 보유하신 분 - 영어 이메일 커뮤니케이션이 가능하신 분 (중급 수준),3
18,1317,[100억↑투자] 다이어트 앱(린다이어트) 모바일 및 Flutter 개발자,인티그레이션(메디스트림),• 린다이어트 앱   - 신규 기능 개발   - 서비스 운영 및 유지보수,• Dart 프로그래밍 • Flutter 개발 경험 1년 이상 • Android or IOS 개발 경력 3년 이상 • Riverpod  Provider  GetX 등 상태 관리 라이브러리 경험 있으신 분 • 영문 개발 문서 독해력,• 코드 최적화에 대해 끊임없이 고민하시는 분 • Onion 아키텍처에 대한 이해도가 있으신 분 • 테스트 코드 적용 경험 있으신 분 (Golden Test 등) • 빌드  테스트  배포 자동화 경험이 있으신 분 • 웹뷰 (WebView) 환경 대응 경험이 있으신 분 • Flutter 상용 서비스 출시 및 운영 경험 있으신 분 • 라이브러리  플러그인  SDK 등의 패키지 개발 경험이 있으신 분 • 디자인 시스템 개발 경험 있으신 분    [적응을 잘하신 분들의 공통점] • 하면 된다는 자세 • 자율과 책임에 대한 기준을 잘 알고 있는 분 • 투명한 커뮤니케이션 지향하는 분 • 대화 방식이 문제 해결에 집중하는 분 • 팀 공동체 성장 중심적 사고를 하시는 분 • 분야를 가리지 않고 다양한 직군과 커뮤니케이션 편안하게 하시는 분 • 내부 고객에 대한 어려움을 공감하고 본인이 가진 기술로 해결하는데 뿌듯함을 느끼는 분 • 고객 VoC 에 민감하게 반응하는 분,5
19,1318,모바일 프로덕트 UX/UI 디자이너 (3년 이상),에임(AIM),고객의 제품 경험을 디자인합니다  비즈니스와 고객을 이해하고 고객의 니즈를 분석하여 최고의 고객 경험을 제공하기 위한 해결책을 제시하고 실행합니다.  • AIM Product 개선 아이디어 제안 및 실행  • AIM Product UX 설계 및 Prototyping  • AIM Mobile APP UI 디자인  • 에임의 프로덕트와 디자인 철학을 이해하고  주도적으로 개선점을 제안 • 정성/정량적 리서치와 반복적인 가설 검증을 통해 최적화된 UX 제공,• 비즈니스와 고객을 이해하고 종합적으로 문제 해결을 할수 있는 분 • 주도적으로 서비스 개발 및 개선을 위한 아이디어와 피드백을 제공하고 이를 디자인에 반영하고 발전시킬수 있는 분  • 정성적/정량적 데이터에 기반한 논리적 사고를 하는 분  • 다양한 이해관계자/직군과 커뮤니케이션하고 협업한 경험이 있으신 분  • Figma  Photoshop  Illustrator  Zeplin 등 디자인 및 프로토타이핑 툴 숙련자   * 포트폴리오 제출 유의사항 - 프로젝트 별 본인 참여율 기재 - 본인의 핵심역량이 드러나는 내용 위주로 작성 - PDF 첨부  URL 등 형식 무관,• 빠르게 성장하는 스타트업의 One-Team 조직 문화 내에서 커리어 성장을 경험한 분 • 사용자 관점의 문제 해결을 위한 디자인 경험이 있으신 분 • 모바일 프로덕트 (앱) 기획  개발  운영 과정  리뉴얼 등 프로덕트 Lifecycle 전반에서 경험이 있으신 분 • 적극적인 의사소통을 통해 주도적으로 문제를 해결하시는 분 • 데이터 분석  UX 리서치  시장 조사 등을 통해 문제를 발견하고 서비스를 개선한 경험이 있으신 분,1
20,1319,모바일 앱 소프트웨어 개발 (Flutter / iOS / Android),블록체인랩스,- Flutter를 이용한 크로스 플랫폼 앱 개발 - iOS 또는 Android의 Native Flutter Plugin 개발 - 블록체인 트랜잭션을 위한 클라이언트 라이브러리 활용 및 개발 - Crash monitoring을 통한 버그 수정 및 품질 개선 작업,- 3년 이상 모바일 플랫폼(iOS 또는 Android)과 관련된 경력을 보유하신 분 - Flutter 학습 및 개발을 이끌 수 있는 역량을 보유하신 분(Flutter 개발 경험은 필수 아님) - Restful API/WebSocket 등의 네트워크에 대한 전반적인 지식이 있으신 분 - 프로덕션으로 출시한 서비스에 10만 명 이상의 유저를 확보한 경험이 있으신 분 - 프로덕트 개발 로드맵을 만들고 이를 책임감 있게 수행할 수 있으신 분 - 신규 서비스를 위한 기획/개발/운영/커뮤니케이션에 적극적으로 임할 수 있으신 분,- 백엔드 개발 경험이 있으신 분 - Rx기반의 프로그래밍에 익숙하신 분 - React Native 등의 크로스 플랫폼 개발 경험이 있으신 분 - Unity를 이용한 3D 효과 구현 경험이 있으신 분 - 다양한 애니메이션이나 그래픽 효과 등의 UI Intensive한 어플리케이션 제작 경험이 있으신 분 - 블록체인의 기본 원리 및 Cryptography/PKI에 대한 이해도가 높으신 분 - Open Source 프로젝트 참여 경험이 있으신 분 - 테스트 코드 작성 및 지속적 통합 프로세스(CI/CD) 경험이 있으신 분,23
21,1320,웹/모바일 솔루션 개발 및 운영,디더블유아이,• 언어 : JAVA  안드로이드  Object-C  swift  파이썬(우대) • DB   : Mssql  Cubrid (우대). Oracle (우대) • 서버 : 윈도우/리눅스 서버 • 솔루션 관련 신규 프로젝트 개발 및 운영,• 경력자는 해당 경력 2년 ~ 5년 사이 • 고객관리 업무 필요  커뮤니케이션에 능하고 창의성  통찰력 보유자 • 팀워크  커뮤니케이션 우수자  조직과 융화가 원활한 분 • 웹/모바일 기반 서비스와 그 구조에 대한 기본적인 이해도가 있으신 분 • 신규 기술에 관심이 많고   업무에 맞춰 적용가능하신 분 • 리더십이 있고 오래 함께 일할 수 있는 분 • 긍정적인 마인드 보유자,• 데이터베이스 쿼리성능 개선 가능자 • 코드 및 서비스 성능 향상에 관심이 많은 분 • 프리젠테이션 스킬 우수자 • 제안서 관련 업무 경험자,10
22,1321,플랫폼전략 모바일 iOS App개발,코콤,플랫폼전략 모바일 iOS App개발 -정규직(수습기간3개월) -급여조건: 연봉 협의 후 결정  1) 필수 항목 - 3년 이상의 Swift 기반 앱 개발 경력이 있거나 그에 준하는 실력을 갖추신 분 - REST API  Socket을 이용한 서버와 통신 - App Store 앱 런칭경험 - MVP/MVVM 등 UI 아키텍쳐에 대한 지식 보유와 경험자 - Firebase를 통한 비즈니스 협업 가능자  2) 우대 항목 - Git  Jenkins 사용 경험이 있으신 분 - 코드 리뷰 및 리팩토링 경험자 - 긍정적이고 원활한 커뮤니케이션 능력을 가지신 분    서류전형 ＞ 면접진행 ＞ 최종심사 ＞ 최종합격,• 초대졸 이상 • 경력(3년이상),•  정보처리기사,0
23,1322,모바일 앱 S/W 개발,인텔리안테크놀로지스,•  Mobile App Development for Antenna Monitoring & Control   - Android  iOS 기반의 Mobile App 개발   - Antenna M&C 위주의 Mobile S/W 개발,• Language : Flutter (우대) / ReatNative  Xamarine 등 Cross-Platform (Hybrid App)용 언어 선호 • 시스템 연동 개발 • RESTful API 기반의 다양한 Device  Server 연동 • 기타 연동 Protocol 활용 개발 (JWT  OIDC  Web Socket 등) • DB : MySQL  SQLite  PostgreSQL 등 RDBMS / NoSQL 개발 경험자 • Git  JIRA  CI/CD 툴 등 개발 환경 경험자 • 문제 해결에 진취적이고 적극적인 자,• 영어 소통 가능자 • Native App 개발 경험자 (JAVA  Kotlin  Swift 등) • AWS  Azure 등 Cloud Service 개발 유 경험자,3
24,1323,모바일/온라인 게임 마케팅,이스트게임즈,• 다양한 온/오프라인 매체 집행을 통한 광고 효과 분석 • 게임 마케팅 업무 전반 • 게임 광고 기획 및 제작,• 마케팅 및 광고 관련 경력자(경력) • 게임 산업에 대한 이해도가 있으신 분 • 원활한 커뮤니케이션 능력이 있으신 분,• 게임 런칭 경험자 • 모바일 앱 Attribution Tool (Appsflyer  Singular  Adjust 등) 활용 경험자 • 게임 마케팅 및 광고 경력자 • 광고 대행사 경력자 • 광고 관련 전공자 • 퍼포먼스 캠페인 경험자 • 디지털 채널에 대한 경험과 이해가 있는 분,16
25,1324,주차정산 앱 기능 개발 및 모바일 앱 개발 (Android),플러스파크,• 주차정산기 앱 기능 개발 및 유지보수 • 모바일 앱 기능 개발 및 유지보수 • 경력 : 신입 or 경력 (5년 이하),• 학력 : 무관 • 나이/성별 : 무관,• Custom UI  Custom Animation 개발 경험이 있으신 분 • Unit/UI Test 작성 경험이 있으신 분 • Serial  TCP / IP Socket 통신에 대한 이해도가 높은 분,0
26,1325,모바일 프로덕트 디자이너,오렌지풋볼네트워크,• 앱 UI/UX 디자인 • 인터페이스 및 사용자 경험을 위한 기획 및 설계 • 사용자 경험 문제점을 파악하고 사용성 개선 제안 및 기획,• Mobile/Web 서비스 디자인 경험이 있으신 분 • 사용자의 입장에서 서비스 및 프로덕트를 이해하고 디자인 할 수 있는 능력이 있으신 분 • 기획자  개발자와의 협업시 적극적인 커뮤니케이션 태도를 갖추신 분,우대사항 • 모바일 환경에서 UI/UX 디자인 설계 및 협업 개발 경험이 있으신 분 • 유연하고 적극적인 커뮤니케이션 역량을 갖추신 분 • 웹/모바일 프로덕트 출시 경험을 보유하신 분,0
27,1326,모바일 UX/UI 디자이너,파마브로스,• '친한약사' 1:1 맞춤상담 플랫폼 App의 UX/UI 디자인을 설계하고 구현해요. • 건강기능식품 제품의 페이지 디자인 및 그 외 디자인 전반 업무를 진행해요.,• 커머스나 컨텐츠 앱 개발 경험 2년 이상으로 • Adobe Photoshop / Illustrator / XD / Figma 등 디자인 도구 사용에 능숙하신 분   • 기획자의 의도 및 업무성격에 맞는 디자인이 가능하신 분이면 좋겠습니다.,• 건강기능식품 등 헬스케어 사업에 관심이 많으시고 • 기획자 및 개발자와 소통/협업에 익숙하신 분들 환영합니다. • 퍼블리싱 경험이나 지식이 있으신 분들 적극 모십니다.,0
28,1327,Flutter 모바일 개발자,인피니티익스체인지코리아,• Flutter를 이용하여 iOS  Android App 개발 • 블록체인 앱서비스 플랫폼 개발 • 핀테크  테크핀 모듈 개발,• Flutter 개발 1년 이상  • Cross-Platform 개발 프레임워크에 대한 높은 관심 및 학습 능력을 지니신 분 • Restful 에 대한 이해를 가지고 계신 분 • flutter 상태관리에 대한 높은 이해도를 보유하신 분,• Native 앱 개발(Android  iOS) 경험이 있으신 분 • 앱스토어 최적화(ASO) 경험이 있으신 분 • 동료들과 커뮤니케이션하며 개발하는 과정이 즐거운 분 • 블록체인 기술에 대한 관심이 높으며 산업 성장성에 확신이 있으신 분 • 전자금융 서비스 경험자,3
29,1328,라운드픽 모바일 서비스 UI/UX 디자이너 (기획 포함),비지트,• 라운드픽 모바일 서비스 UI 디자인 업데이트 • 라운드픽 모바일 서비스 UX 기획 • 라운드픽 모바일 서비스 Admin 페이지 디자인 • 라운드픽 관련 회사소개서 디자인 작업 • 캐릭터 '라운이' 디자인 작업,• 시각디자인 관련 졸업자만 지원 가능 • 2년제  4년제 졸업자 지원 가능 • 팀원들과의 커뮤니케이션  즉 소통이 가능한 사람 • 영어 이해도가 어느 정도 가능한 사람(커뮤니케이션 or 단어에 대한 이해),• 모바일 앱  웹 관련 서비스 디자인 포트폴리오 필수 (미제출시 서류 탈락) • 기존 업무 경험 우대 • 사무실 근거리 거주자 • 영어 커뮤니케이션 가능한 사람 우대,3
30,1329,기술개발부 모바일팀[AOS 개발자],더이앤엠,• 안드로이드 개발 및 개발 지원 • 자사 서비스 관리 및 개발 지원,• REStful API를 이용한 네트워크 개발 경험이 있으신 분 • Kotlin으로 개발 가능한 분,• 상용 서비스 개발 및 운영 경험을 보유 하신 분 • 하이브리드 웹 연동 경험 있으신 분 • 모바일 UI/UX 이해가 높으신 분 • 스트리밍 서비스에 관심이 많으신 분,4
31,1330,모바일 Flutter 개발자(2년 이상),링크커넥션(LinkConnectionCorp.),[바루다 모바일 개발자는 이런 일을 해요] - 근골격계 통증 전문 앱 서비스 ‘바루다’를 개발합니다. - 병원의 환자 관리 서비스 ‘바루다 닥터’와 치료기록 연동과 연계 서비스를 개발합니다. - 로드맵을 기반으로 확장성을 고려한 서비스를 개발합니다.,[이런 경험이 있으신 분을 찾아요] - 1년 이상 Flutter를 이용한 개발 경험이 있으신 분 - Native 앱 개발 경험이 있으신 분 - Rest Api 통신에 대한 이해가 있으신 분 - 팀원을 존중하면서 의사소통 하실 수 있는분 - 모든 기술스택 포함하여 총 개발 경력 2년이상  혹은 그이상에 상응하는 스킬을 보유하신 분,[이런 경험이 있으시면 좋아요] - JS Es6문법에 대한 이해가 있으신 분 - node.js 경험이 있으신 분 - Fireabase 경험이 있으신분 - 기초적인 데이터베이스에 대한 이해가 있으신분 - 도수치료를 받으며 불편함을 느낀 경험이 있으신 분,1
32,1331,모바일앱 개발자(Flutter),리브애니웨어,포지션 소개 • 개발팀의 구성원으로서 리브애니웨어의 모바일앱 개발 및 운영을 담당해주실 분을 모십니다. • 현재 개발팀은 백엔드  프론트엔드  모바일앱 파트를 각각 담당해주시는 동료분들이 있으며  함께 좋은 프로덕트를 만들어가고 싶습니다.  • 리브애니웨어 모바일 애플리케이션(Flutter) 개발 및 운영 • 리브애니웨어 모바일 애플리케이션(Flutter) 성능 개선,• 네이티브 모바일앱(Android or iOS) 개발 경험  Flutter 프레임워크 및 Dart 언어 사용 경험 5년 이상) • Github을 사용하여 소스코드 버전 관리 및 원격 저장소 사용이 능숙하신 분 • Restful API를 제공하는 백엔드 애플리케이션과의 다양한 연동 경험이 있으신 분 • 웹 애플리케이션과 Webview를 이용한 Integration 경험이 있으신 분 • Flutter 애플리케이션의 상태 관리 솔루션(Provider  GetX  BLoC)을 능숙하게 다루실 수 있는 분,• 새로운 것을 배우는 데에 거부감이 없으신 분 • 도메인 주도 설계(DDD)에 대한 관심 또는 경험이 있으신 분 • DevOps에 대한 관심 또는 경험이 있으신 분 • 프론트엔드 애플리케이션 개발 또는 백엔드 개발에 관심 또는 경험이 있으신 분 • 모바일앱의 성능 측정 및 개선에 대한 경험이 있으신 분 • MMP(Mobile Measurement Partner)와의 연동 경험이 있으신 분  기술스택/툴 •  모바일앱은 Flutter 프레임워크로 구현하였습니다. •  모바일앱의 상태 관리를 위해서 Provider를 사용하고 있습니다. •  모바일앱의 기본적인 지표 추적 및 관리  기타 기능을 사용하기 위해서 Google Firebase를 사용하고 있습니다. •  클라이언트 사이드의 에러 트래킹 및 로그 모니터링을 위해서 Datadog을 도입하였습니다.,27
33,1332,모바일 프로덕트 매니저(서비스 기획자/운영 담당자),티비유,- 최고의 사용성과 편의를 제공하는 EV 모빌리티 프로덕트를 기획하고 운영합니다. - 프로덕트 이슈 관리 및 프로젝트 진행을 위한 병목을 적극적으로 파악하고  비즈니스 인사이트 및 데이터 기반으로 구성원들과 커뮤니케이션하며 elecvery의 완결성을 높입니다. - 전기차 비즈니스 및 인더스트리를 리서치하고  국내외 경쟁사 및 사용자 니즈를 파악하며 서비스 방향성을 적극적으로 제시합니다. - 사업 전략에 따른 우선순위와  성공을 위한 프로덕트 개선/런칭 목표와 데드라인을 정의해 타임라인을 정의하고  서비스 지표 상승 및 문제 해결을 위한 Product 전략을 도출합니다. - 가설 수립 및 실험 및 검증을 통해 프로덕트 및 서비스를 최적화 합니다.,- IT 프로젝트 서비스 기획 및 운영 경력 2년 이상으로  소비자들의 니즈와 피드백을 적극적으로 파악해 새로운 IT 프로덕트 기획하고  이를 Wireframe 및 Storyboard로 정의하며  Agile하고 논리적으로 본인이 기획하는 바를 제시해 구성원들과 소통하실 수 있는 분 - 시장 파악  유저 인터뷰 및 가설설정  문제 정의  프로덕트 기획  Product 출시  검증 및 유지보수  개선/고도화 까지 프로덕트 생명주기의 End-to-End를 경험하신 분 - 개발자/마케터/사업개발 직군 등 다양한 구성원들과 원활한 소통과 협업이 가능하신 분,- 모빌리티 도메인에 관심이 많고  비즈니스 및 소비자 이해를 위한 스터디가 일상이신 분. - 검색  위치기반 등 기술에 대한 이해도가 있으신 분 - 자아실현 욕심이 많은 하드워커인 분 - 스타트업 창업 경험 or IT 기업에서 신규 서비스를 기획  출시 및 성장 시켜 본 경험이 있으신 분 - 데이터 분석  시각화 툴 등 (Amplitude  Appsflyer 등)을 잘 활용하고  데이터 수집 및 활용에 대한 명확한 목적을 설계하실 수 있는 분. - 구조화된 사고와 디테일에 강하며  논리적 커뮤니케이션이 가능한 분 - 개발  디자인(UI/UX)  마케팅 등 다른 분야에 대한 이해나 경험이 있으신 분 - jira  confluence  slack  figma 등 사용 경험 있으신 분,5
34,1333,모바일  앱  웹 서비스 기획자,아비즈,• 웹/앱 서비스 기획 및 운영 • 신규상품 개발 기획 • 이벤트 기획 및 운영,• 계획을 수립하고 업데이트를 즐기는 분 • 타부서와 공유  협업을 잘하여 원하는 목표를 달성할 수 있는 분 • 유관업무 경력자 (2년 이상),근무환경 • 자율출퇴근: 8:30~ / 9:00~  선택 • 자율 복장 : 반바지  슬리퍼 부터~ 정장까지 자유롭게 • HP 최신 데스크톱과 노트북 선택 가능 + 27인치 듀얼 모니터 등 원하는 장비 지원 • 최고급 사양 장비(맥북  맥프로  전문가용 모니터  키보드/마우스) 및 소프트웨어 제공 • 주차 무료 제공 • 사내 카페테리아(매주 간식  음료 제공)  슬기로운 회사 생활 • 웰컴키트(입사 3개월 후 지급) • 이달의 사원 포상(매월) • 승진자 축하선물 • 자기개발 활동비 지원(교육  세미나  자격증 등) • 모범 사원 포상(년 1회) • 10년 근속 선물(금돼지...)  건강/휴식 • 눈치보지 않고 연차 사용하는 분위기~ • 업무 지장 없다면 원하는 시기에 휴가 사용 • 건강검진은 필수  생활 속 지원 • 경조휴가 및 경조금 • 출산선물 • 명절선물 • 교육비 • 입학 축하금,6
35,1334,웹 / 모바일 서비스 기획,코드크래프트,• 고객사 요구사항 정리 • 웹  모바일 서비스 정책 작성  수립 • 웹  모바일 서비스 화면 설계서 작성 • 디자인  개발 담당자와의 개발 협업,• 웹  모바일 서비스 기획 경험 • 파워포인트/엑셀/피그마 등 기획 툴 사용 가능자,• 중고 물품 매입/판매 서비스 유경험자 • 아이디어  정책  프로세스를 규격화된 문서로 표현하는 능력이 좋은 사람 • 문서 작성  문서 관리에 능숙한 사람,0
36,1335,모바일 클라이언트 개발(DeFi  iOS),위메이드(WEMADE),• DApp 서비스 iOS 클라이언트 개발,• 경력 5년 이상이신 분 • Swift를 이용하여 모바일 클라이언트 개발이 가능하신 분 • DApp 서비스 설계/개발이 가능하신 분,• 서비스 플랫폼 개발과 운영 경험이 있으신 분 • 블록체인 기반 서비스 개발 경험이 있으신 분 • RxSwift를 이용한 개발 경험이 있으신 분 • TDD 개발에 능숙하신 분 • 주도적으로 업무를 계획하고 추진할 수 있는 분,0
37,1337,[100억↑투자] 모바일 게임 기획자,슈퍼센트,• 게임 트렌드 분석 및 하이퍼 캐주얼 게임 기획 • 신규게임  기존게임에 대한 레벨 및 컨텐츠 추가  난이도 조정 및 UI Flow 기획 • 플레이 테스트  피드백 및 라이브 지표를 기반으로 게임 디자인 개선 및 조정 • [전형 절차] : 서류 전형 ＞과제전형 ＞ 1차 실무 인터뷰 ＞ 2차 Culture-Fit 인터뷰 ＞ 처우협의 ＞ 최종 합격,• 경력 무관 • 창의적 사고를 구조화하여 기획서 및 플로우차트로 문서화 할 수 있는 능력이 있으신 분 • 원활한 커뮤니케이션 능력을 갖추신 분 • 긍정적인 태도  혼자 또는 팀원으로 일할 수 있는 자기 주도적 사고의 소유자이신 분,• 오피스 프로그램 활용 능력이 뛰어나신 분 • 유니티 활용이 가능하신 분 • 모바일 게임 라이브옵스 및 A/B Testing 운영 경험이 있으신 분 • 모바일 게임 시장 및 하이퍼캐주얼 시장에 대한 이해도가 높으신 분,40
38,1338,Android/iOS 모바일 앱 개발자,위닝아이,[위닝아이와 함께 하실 업무예요.]  • 카메라 영상처리  비접촉 생체인식 SDK 개발 • 클라우드 기반 생체인증 서비스 • UI/UX  생체인식 평가 도구 개발  성능평가  품질관리   [기술 분야예요.]  • 비접촉 모바일 생체인식 솔루션 • 클라우드 플랫폼 기반 SaaS • 2차 인증 모듈  [개발 언어예요.]  • C C++ • JAVA/Kolin • Ovjective-C/Swift,[자격 요건은 아래와 같아요.]  • 모바일 앱(Android iOS) 개발 경험 있으시면 좋아요. • 대학교 졸업자이신 분. • Java/Kotlin  Objective-C/Swift 중 하나 이상 가능하신 분. • 포트폴리오 제출 필수예요.,[이런 능력까지 있으시면 우대해드려요.]  • SDK를 직접 제작하거나  응용 개발에 어려움이 없으신 분. • 카메라 제어를 통한 영상 처리 경험이 있으신 분. • AOS/iOS 동시 개발 가능하신 분. • 품질관리/유지보수 수행 경험이 1년 이상 있으신 분.,7
39,1340,Flutter 모바일 개발 리드,로플리,- 모바일 개발 리드(Android & iOS Flutter 프레임워크) - PM  디자인팀  백엔드 팀과 협업 매니지먼트 - CI/CD 관리 및 배포,- 모바일 개발 (Android 혹은 iOS 네이티브) 3년 이상 - Flutter 개발 2년 이상 - 협업 및 소스 코드 관리툴 사용 (Git) - 다양한 직군의 사람들과의 원할한 커뮤니케이션,- 오픈소스 프로젝트 활동을 해보신 분 - iOS 혹은 Flutter 라이브러리 제작 혹은 출시 경험이 있는 분 - 다양한 인터렉션 작업 포트폴리오를 보여주실 수 있는 분 - 복잡한 데이터 혹은 화면 구성 경험이 있는 분 - Fastlane  Code Magic  Git Action  Jenkins 등 CI/CD를 직/간접 구축한 경험이 있는 분 - 아키택쳐 (MVC  MVP  MVVM  VIPER) 등에 관심이 많거나  구조 개선 경험이 있는 분 - RiverPod 상태관리를 메인으로 사용해보신 분 - Flutter Hooks를 메인으로 사용해보신 분,3
40,1341,플랫폼전략 모바일 안드로이드 App개발,코콤,• 신규 플랫폼 안드로이드 앱 개발을 진행 합니다. • 모바일 애플리케이션 개발 및 유지보수 업무를 합니다. • 새로운 기능에 대한 설계 및 기존 기능에 대한 확장 업무를 수행 합니다.  • 안드로이드 제품 개선을 위해 다양한 신기술을 탐색하고  적용합니다.,• 유관 경험이 3년 이상이거나 그에 준하는 실력 • Kotlin 언어를 이용한 상용 서비스의 개발 및 배포 경험 • RxJava  Coroutine등의 비동기 프로그래밍을 활용한 상용 서비스 개발 경험 • MVVM 패턴 및 Data Binding / View Binding 개념을 이해 • Zeplin  Figma  ProtoPie 등 하나 이상의 디자인 협업 도구를 이용한 협업 경험 • 고객 서비스 및 전체 프로세스를 고려한 설계와 구현 • 사용자 UX에 대한 이해 • CI/CD에 대한 이해,• 다수의 앱 런칭 경험을 보유하신 분 • 앱 최적화 경험을 보유하신 분 • Clean Architecture에 관심이 있는 자 • 팀과 융화가 잘 되시는 분 • 새로운 기술 적용에 거부감이 없고  신기술 적합성을 잘 판단하실 수 있는 분,0
41,1342,[신작 프로젝트] 모바일 게임 기획자,플레이하드,• 개발 인원 3~4명 규모의 모바일 게임 기획 및 일정 관리 • 모바일 게임 기획서 작성 (히어로팩토리 규모의 게임 기획) • 게임 전반적인 밸런스 및 시스템 기획 • 게임 데이터 시트 작성 및 관리,• 1년 이상의 게임 기획 경험 • 아이디어 제시부터 실현까지 책임감 있게 끌고 갈 수 있는 분,• 규모에 상관없이 프로젝트 수행 경험이 있으신 분 • 다양한 모바일 게임 플레이 경험이 많으신 분 • 커뮤니케이션 능력이 우수하신 분,0
42,1343,모바일 소프트웨어 엔지니어,페이지콜,• Pagecall 모바일 SDK 개발 및 제반 업무 • 페이지콜은 크로스플랫폼을 지원합니다. 본인의 주영역이 아닌 플랫폼의 네이티브코드를 참고하거나 직접 작성하는 일이 있을 수 있습니다.,• 3년 이상의 iOS OR Android 네이티브 어플리케이션 개발경험 (iOS와 Android 중 한 영역의 전문성) • 1년 이상의 iOS AND Android 네이티브 어플리케이션 개발경험 (iOS와 Android 모두에서의 익숙함) • 6개월 이상의 NodeJS 개발 경험,• WebRTC / MongoDB / AWS Lambda / AWS Chime SDK / WebGL / CRDT / Mobile testing / Firebase 관련 개발 • 본인을 제외한 2인 이상의 개발팀을 리드해본 경험,2
43,1344,[500억↑투자] Sales Manager (모바일인덱스) [신입 가능],아이지에이웍스(IGAWorks),• 모바일인덱스 INSIGHT를 외부에 세일즈하고 필요한 영업 지원 업무를 수행합니다. • 광고주  투자사  대행사 대상으로 미팅을 통하여 서비스를 매력적으로 제안하고 서비스의 가치를 온전하게 전달하는 전반적인 업무를 담당하게 됩니다. • 기존 계약 및 고객과의 관계 구축을 통하여 긴밀한 파트너쉽을 유지하고 관리합니다.,• IT SaaS 서비스  B2B IT 솔루션 세일즈에 관심이 많고 역량을 키우고 싶은 분 • 영업 기회를 만들어내고 제안  계약  고객 관리 등 세일즈 전반을 경험하고 싶으신 분 • 외부 고객사와 원활하고 유연한 커뮤니케이션이 가능하신 분,• 업무 습득 속도가 빠르고 상황 대처 능력이 좋은 분 • IT 분야에서 세일즈 혹은 외부 커뮤니케이션(고객 관리)에 경험이 있거나 관심이 많은 분,7
44,1345,온라인/모바일 게임서비스 시스템 엔지니어,이스트게임즈,• PC  모바일 플랫폼 게임서비스  사내 인프라 시스템 운영  관리 • Linux/windows 기반 시스템 운영  관리 • 시스템 모니터링 및 벤치마크 (H/W  DB  Network  APP 등) • 성능지표 분석을 통한 시스템 최적화 • 시스템 자동화 설계  구현,• 서버 OS에 대한 관심도가 높고  상세 지식을 보유한 자(Linux  windows) • 네트워크 관련 관심도가 높고  상세 지식을 보유한 자(TCP/IP  L2~L7 등) • 필수 어플리케이션 관련 관심도가 높고  상세 지식을 보유한 자(Apache  IIS  INS  Mail  Mysql  MSSQL  Tomcat 등) • 스크립트 프로그래밍 지식 보유,• 게임서비스 구축/운영  서비스인프라 구성 경험자 • 오픈소스 기반 서비스  프로젝트 경험자 • 클라우드  가상화 서비스 구축/운영 경험자 • 보안 관련 지식 보유자 • 서버 및 네트워크 관련 자격증 보유자 (RHCE  CCNA  CCNP  MCSE  MCDBA 등),10
45,1346,모바일 게임 클라이언트 개발자 (Unity / C#),캐논크래커,• 담당업무게임 시스템 및 컨텐츠 개발 • 게임 플레이 로직 개발 • 프로토타입 구현,• 유니티 엔진 개발 경험(C# / UGUI) • 최적화 업무 경험 • 알고리즘  자료구조  객체지향 개발 경험 • 프로젝트 초기부터 런칭까지 경험 • 긍정적이고 책임감 있는 마인드 • 원활한 커뮤니케이션 스킬,• 모바일  PC 개발 경험 • Third- Party 라이브러리 및 SDK 사용 경험 • 유니티 그래픽 Shader의 제작 및 최적화 경험 • Android  IOS Native 개발 경험  • 빠른 프로토타이핑 능력    ※ 채용 프로세스 서류 전형＞1차 면접＞최종합격,5
46,1347,모바일 게임 기획자 (키우기류 MoRPG),제트5,• 모바일 키우기류 MoRPG 기획,• 모바일 RPG 기획 경험 • 모바일 RPG에 대한 플레이 경험 • 시스템 기획과 밸런스 기획 경험 • 숫자와 친숙한 분,• 키우기/idle 장르 게임 기획 경험 • 모바일 게임 기획 리드 경험,4
47,1348,병원용 모바일 서비스 FrontEnd/BackEnd 개발 및 운영자,포씨게이트,• 병원용 모바일 서비스를 위한 FrontEnd/BackEnd 개발 및 운영 • 병원 환자용 앱 FrontEnd/BackEnd 개발 및 운영 • 병원 의료진용 앱 FrontEnd/BackEnd 개발 및 운영,• 성별 : 무관 • 학력 : 무관 • 전공 : 무관 • 직무경험 : 실무 경험 3년 이상 • 지식/스킬/역량 :    -HTML  CSS  JavaScript(ES5 이상)에 대한 이해      -2REST API 서버 연동 경험    -모바일 UI에 대한 이해    -Spring에 대한 이해    -iOS/Android/React JS에 대한 이해    -React JS 실무 경험    -Node.js Express 실무 경험,• 전기/전자공학 전공 • 컴퓨터소프트웨어  컴퓨터시스템 공학 등 관련 전공자,1
48,1349,[ICT본부] 모바일 앱(Android  Flutter) 개발자,지니,• 모바일 앱 개발 및 운영 • Android 신규 기능 개발 • 하이브리드 앱(Flutter) 개발,• Kotlin / Dart 프로그래밍 • Android / iOS 스토어 배포 가능하신 분 • 서버 API 연동 및 웹 연동 기능 개발이 가능하신 분,• 크로스플랫폼 개발 환경에 대한 높은 이해도를 보유하신 분 • 서비스 운영 및 모니터링 서비스 사용 경험이 있으신 분 • 원활한 커뮤니케이션이 가능하신 분,3
49,1350,모바일 개발 담당자,펜타시큐리티,• 자사 Mobile App 개발(Cloudbric VPN  PAS Mobile App),• 모바일 개발 경험이 5년 이상이신 분 • 하나의 앱을 개발 후 지속적인 개선 경험을 가지신 분 • Android (Java  Kotlin  Flutter) • iOS (Swift  SwiftUI  Universal App 개발(iOS/MacOS)),• 개발 및 협업 도구(Git  Docker  Jenkins) 활용에 익숙하신 분 • 테스트 코드 작성 및 지속적인 개선 경험을 갖고 계신 분 • 빌드/테스트/배포 자동화 경험이 있으신 분,2
50,1351,모바일 서비스 UX 기획자,휴맥스네트웍스,• 모바일 서비스 문제 정의 및 요구사항 정의  기획 정책 수립   • 모바일 서비스 기획 및 화면 설계 : IA  Wireframe  Story board  Workflow  영문 UX writing  • 서비스 운영 정책서  매뉴얼 작성 • 시장 상황  경쟁사 동향 리서치 및 분석 • 서비스/상품/사업 분석 및 개선,- 학력/전공/경력    • 대졸 이상(4년제)/전공무관/4-10년 이내 유관 업무 경력자  - 필수사항    • 모바일 서비스 기획 경력을 보유하신 분 (기획업무 기준 4년 이상)    • 디자인/개발 프로세스 이해 및 커뮤니케이션이 가능하신 분    • 포트폴리오 제출 가능자 (IA  Wireframe  Story board 포함 선호  면접 시 설명 필요)    • 해외 출장 가능자,• 국내외 통신사의 서비스 기획 경험자 • 다수의 모바일 서비스 기획 경험자 • IOT 기반 모바일 서비스 출시 경험자 • Adobe XD  Figma 등 기획툴 활용 가능한 분 • Jira  Confluence  Slack 활용 가능한 분 • 영어 능통자,0
51,1352,모바일 개발자,엔에스에이치씨(NSHC),• 모바일 보안 솔루션에서 iOS  Android용 보안 솔루션을 개발합니다. • LLVM 기반 iOS용 보안 솔루션을 개발합니다. . 보안가상키패드  백신  앱 보호 솔루션을 개발합니다.,• Android / iOS 앱 프로그래밍 • Objective C  Swift  C  Java 등의 언어로 개발 경험,• 암호 보안 관련 이해가 있는 자 (우대) • Reverse Engineering 경험자(우대) • LLVM 개발 경험 자(우대),6
52,1353,모바일앱 Hativ 개발팀장,뷰노,• 뷰노 SW 제품과 서비스에 필요한 시스템과 모듈 개발  지원 및 개선을 할 수 있는 팀 구성 및 리딩 • 요구사항 수집  요구사항 분석  설계  구현  테스트에 이르는 SW개발 과정에 참여 및 의사결정 • 제품 및 서비스의 품질 높이기 위한 체계적인 시스템 구축 • 제품 및 서비스의 개발 효율성을 높이기 위한 프로세스 개발  지원 및 개선,• 5년 이상의 모바일 SW개발 관련 경력을 보유하신 분 • 모바일 App Service에 대한 이해도가 높으신 분 • 모바일 앱을 출시하거나 출시한 팀을 리딩한 경험이 있으신 분 • 모바일 앱을 기획한 경험이 있거나 기획할 기회가 있다면 해보시겠다는 분 • Computer Science에 대한 기반 지식을 보유하신 분 • 원리를 파악하고자 하고  깊이 고민하며 개발하는 분 • 함께 일하는 분들과 커뮤니케이션이 원활하고 자주 소통하는 분,• Flutter를 통한 Android  iOS 통합 모바일 앱 개발 경험이 있으신 분 • B2C 모바일 서비스를 개발하고 운영한 경험이 있으신 분 • UI/UX 설계 프로세스 참여 경험이 있으신 분 • Git / Jira 기반의 협업 프로젝트 경험이 있으신 분 • 새로운 기술과 지식을 배우는 것에 열정이 있으신 분 • 취미로도 개발을 할 정도로 개발을 사랑하는 분,2
53,1354,Flutter 모바일 개발자,헥슬란트,■ 헥슬란트에서의 주요 업무 ■ · 지갑 서비스 ‘오하이월렛’를 개발 · 지갑 개설  가상자산 보관 등 전반적인 사용자 경험 설계에 참여,- 앱 개발 및 운영을 경험해 보신 분 - Flutter로 앱 개발 및 상용화 경험이 있으신 분 - iOS 앱 개발 및 스토어 배포 숙련된 분 - Mission-Critical 한 서비스 운영 환경을 즐기며 높은 책임감으로 탄탄한 서비스를 같이 만들어 갈 수 있는 분,· 블록체인 경험이나 가상자산에 관심이 있으신 분 · 스타트업 경험이 있는 분 · Lean startup 을 이해하고  Agile Organization의 경험이 있는 분 · 실패를 두려워하지 않고 빠르게 실행하고 효율을 분석하는 분,0
54,1355,[잡플래닛] iOS 모바일 앱 개발자,브레인커머스,잡플래닛 유저의 절반은 모바일을 이용합니다. 심지어 일부 사업 지표는 모바일이 좀더 매력적이라고 말합니다. 이런 trend는 지속될 것이며  잡플래닛이 준비하는 미래에서 더 큰 의미를 가질 것으로 전망합니다. 이에 따라  기존 모바일 팀을 iOS와 안드로이드로 나누어 규모를 키우고  각각의 특성을 서비스에 유리하고 기민하게 녹여낼 수 있는 조직으로 진화시키려 합니다. 그래서 잡플래닛의 모바일 개발자는 단순히 개발 역량만이 아니라 유관부서와의 커뮤니케이션  개발자적 관점에서의 기획력도 요구됩니다.  특히 시니어에게는 팀 세팅과 성장이라는 미션이 추가됩니다. 누구나 함께 일하고 싶고  모두가 인정하는 제품을 만드는 모바일 팀을 세팅해야 할 시점이기 때문입니다.   주요 업무를 정리하면 간단합니다. - Jobplanet iOS 클라이언트 개발 및 운영  잡플래닛의 ios 개발자는 비즈니스별 Squad로 나뉘어 프로덕트 개발에 참여하고 있으며  잡플래닛의 모바일팀은 아래와 같은 업무 환경을 지향 합니다.  1. 협업 - 코드 리뷰를 통해 서로의 코드에 대해 이해하고  좀 더 개발에 좋은 구조를 찾습니다. - Pair Programming 이나 PR을 통한 코드 리뷰를 이용합니다.  2. 레거시 또는 리팩토링 - 레거시 코드 제거 와 끊임없는 리팩토링을 통해 유지보수에 편리한 구조를 만들어 갑니다. - 이와 관련된 개발 기간을 충분히 가져 코드의 품질을 높이기 위해 노력합니다.  3. 새로운 기술 - 새로운 기술에 대한 검토 및 적용을 두려워하지 않습니다. - 새로운 기술을 맹목적으로 적용하지 않고  충분히 분석하고 어떠한 장단점이 있는지 서로 토론합니다. - 개발 관련 컨퍼런스나 세미나에 적극 참여합니다  4. iOS 개발 환경 - 언어 : Objective-C / Swift - Lib : Alamofire  Kingfisher  RxSwift - 협업 도구 : Github  Figma  Zeplin  Notion  Jira   Confluence,- iOS 개발 경력 최소 5년 이상인 분 - Objective-C / Swift 개발에 능숙하신 분 - iOS 및 애플의 디자인 철학에 대한 이해도가 높은 분 - 적극적인 커뮤니케이션 할 수 있는 분,- Reactive 프로그래밍에 대한 이해와 RxSwift 사용에 익숙하신 분 - 테스트/배포 자동화 경험이 있으신 분 - iOS 최신 개발 동향에 관심이 있으신 분 - 지속적인 발전을 추구 하시는 분 - MVVM 개발 경험이 있으신 분    [채용절차] - 서류전형 -＞ 코딩테스트(과제) -＞ 1차 실무 인터뷰 -＞ 2차 협업부서 인터뷰 (-＞ 3차 경영진 인터뷰) - 코딩테스트(과제)의 경우 주니어/시니어 무관 모두 진행이 되며  1차 인터뷰는 진행 해 주신 테스트를 토대로 코드 리뷰를 요청하고 있습니다. - 진행 과정에서 필요 시  전형단계 감소 또는 추가 있을 수 있습니다.   [제출서류]  - 이력서  포트폴리오,28
55,1356,웹&모바일팀 (리타민 App 개발),에프앤가이드,ㆍ리타민  App 개발,ㆍ학력 : 학사 이상 ㆍ경력 : 경력 1~4년 이하 ㆍ컴퓨터공학 및 전산 관련 전공하신 분 ㆍFlutter  React 등 모바일 개발 경험이 있으신 분,ㆍ모바일 UX/UI에 대한 이해가 높으신 분,0
56,1358,개발팀 모바일 App엔지니어,모인(MOIN),• React-Native 기반 모바일 앱 개발 • 코드 작성  테스트  코드 리뷰  배포  운영,• 모바일 앱 개발 및 유지 보수 경력 2년 이상 (꼭 React-Native 경험이 아니어도 됩니다.) • 마켓에 앱 배포 경력이 있으신 분 • 모바일 UI/UX 에 대한 관심이 많으신 분,• 모바일 개발 환경에 대한 이해가 높으신 분 • Android  iOS 중 하나의 플랫폼에 대한 높은 이해를 가지신 분 • 최신 기술  더 나은 프로세스에 대한 끊임없는 갈망이 있으신 분 • 클라이언트 최적화에 관한 이해 • 레거시 코드 리팩토링 경험이 있으신 분 • 애자일 방법론에 대한 이해가 있으신 분 • 디자인  기획  운영 등 다양한 직군과 협업 경험이 있으신 분,6
57,1359,캐주얼 모바일 게임 기획 (1년 이상),캐논크래커,• 게임 제작을 위한 기획 전반과 제작 일정 관리 • 방향성에 부합하는 게임 퀄리티 고도화 작업 • 캐주얼&미드코어 장르의 게임을 분석하고 기획,"• 시스템 전체 & 데이터 구조 설계에 대한 이해가 높으신 분 • 디테일 기반의 ""완벽한 기획""을 추구하시는 분 • 프로젝트 비전에 대한 이해와 그에 따른 기획 능력이 있으신 분 • 라이브 상황에 유연한 대처 능력이 있으신 분",• 영어 회화가 능통하신 분 • 코어게임기획 및 게임 밸런싱(전투/경제) 경험이 있으신 분 • 해외 및 국내 퍼블리셔와 서비스 운영 경험이 있으신 분 • 이해관계를 조정해본 경험이 있으신 분 • 수학 관련 전공하신 분 • 구글&앱스토어 관리 경험이 있으신 분,0
58,1360,서비스기획(웹/모바일/응용SW),그린도트,• 그린도트 서비스 기획 (웹/모바일/응용SW)     ◦ 용어사전 작성     ◦ 기능구조도 및 정의서 작성 (정보설계)     ◦ 요구사항 분석 및 도출     ◦ 요구사항 추적     ◦ UI/UX 설계 및 관리     ◦ Prototyping Tool을 이용한 화면 설계     ◦ Storyboard 작성 및 관리     ◦ 협업 도구를 통한 산출물 작성 및 관리 • 비즈니스 프로세스 설계 및 관리     ◦ 사용자 시나리오 작성 및 관리     ◦ 서비스 정책 수립 및 관리 • 협력사 및 사내 커뮤니케이션 및 업무 조율,• 온/오프라인 서비스 기획 경험이 있으신 분     ◦ 요구사항 분석 및 도출 경험이 있으신 분     ◦ 기능구조도 작성 경험이 있으신 분     ◦ 용어사전 작성 경험이 있으신 분     ◦ UI/UX 설계 경험이 있으신 분 • 비즈니스 프로세스 설계 경험이 있으신 분     ◦ 사용자 시나리오 작성 경험이 있으신 분     ◦ 서비스 정책 수립 경험이 있으신 분 • 디자인 및 개발에 대한 이해도가 높으신 분 • 온/온라인 서비스 기획 경험이 있으며 디자인  개발에 대한 이해도가 높은 분 • 협력사 및 사내 커뮤니케이션 및 업무 조율이 능숙하신 분   ** 포트폴리오 제출 필수입니다.     (Wireframe  Stoty board  UX설계안 등),•애자일한 조직 체계 경험이 있으신 분 •데이터 정의 및 ERD에 대한 이해도가 높으신 분 •WBS 작성 및 관리 경험이 있으신 분 •협업도구 사용에 능숙하신 분 •자체 서비스 기획 및 운영 경험이 있으신 분 •데이터 측정 및 분석 능력 보유하신 분 •사용자 중심의 Front-end/Back-end 기획/설계가 가능한 분,2
59,1361,모바일 개발,파수,파수의 다양한 제품/솔루션의 모바일 앱 개발을 담당합니다.  • Flutter framework 기반의 모바일 앱 개발 • Android 및 iOS 네이티브 SDK를 활용한 개발,• 개발 경력 3년 이상 • iOS 및 Android의 UX/UI 가이드라인에 대한 이해 • MVVM 디자인 패턴 사용 경험 • Retrofit 등의 대중적인 라이브러리 사용 경험   [주요 기술 역량] • Java  flutter • Swift  RxSwift  Storyboard • MVVM  Android Architecture Component • AWS Service  Google Service,• AWS / Google 등 다양한 Cloud 서비스 경험 • 오픈소스 및 신기술 학습에 관심 • Flutter 개발 경험,1
60,1362,모바일 앱 개발자 (Flutter),시어스랩(Seerslab),• 주요업무    - 메타버스 크로스 플랫폼 모바일 클라이언트 개발 (Android / iOS)   - 클라이언트 개발에 필요한 Flutter 라이브러리 개발   - AR/VR/MR 관련 어플리케이션 개발,• Android 또는 iOS 기반 어플리케이션 개발 경험이 있는 분 • 크로스플랫폼 앱개발에 대한 이해가 있는 분 • Flutter 프레임워크와 Dart언어를 통한 개발 경험 또는 관심이 있는 분,• AR/VR 등 메타버스 관련 서비스 개발 경험 • Unlty Plugin + Flutter 연동 경험 • Bloc / GetX 등 상태 관리 패턴을 사용 경험이 있으신 분 • Clean Architecture  MVVM  DI 등 디자인 패턴 적용에 대한 경험이 있으신 분 • Flutter 라이브러리 개발 경험이 있으신 분 (Github 또는 pub.dev에 배포한 경험이 있으신 분은   과제 또는 코딩 테스트 면제 및 즉시 서류 심사 통과  단 Fork 프로젝트 제외) • Flutter 모바일 어플리케이션을 스토어에 출시 / 배포한 경험 있으신 분,2
61,1364,[100억↑투자] 모바일 앱 개발자,와탭랩스(WhaTapLabs),• 성능 모니터링 정보를 모바일 기기에서 사용자가 보기 쉽게 시각화 합니다. • 모니터링 중 특이사항이 발생하는 경우  사용자가 인지할 수 있도록 모바일 앱을 개발합니다.(IOS/Android  포함),• Flutter를 사용한 모바일 앱 개발이 가능하신 분(필수) • 모바일 앱 개발 3년 이상 경험이 있으신 분 • Android / iOS 스토어 모바일 앱이 가능하신 분 • 서버 API 연동 및 웹 연동 기능 개발이 가능하신 분,• 데이터 시각화 및 UI/UX 개선 기획 경험이 있으신 분 • 웹 앱 개발 경험이 있으신 분 • 개발에 참여한 앱이 현재 Android / iOS 스토어 등록되어 있으신 분 • 서비스 운영 및 모니터링 서비스 사용 경험이 있으신 분,5
62,1365,[신입] 닷넷/닷넷코어(.NET Core  .NET 6) 크로스플랫폼 모바일 개발,투썬플랫폼,• 이용자의 생활가치를 통합하고 새로운 기술을 기반으로 미래시장을 선도하는 통합플랫폼 신규 서비스 모델링 및 개발 • 생활의 패러다임을 혁신시키는 신규서비스 Biz Process에 대한 아키텍처 모델링 디자인 • 상기 추진서비스들에 대한 .NET Ecosystem 기반의 기술트리들로 개발과제 해결 및 프로젝트 진행관리 • C# 기반 .NET MAUI 로 크로스 플랫폼 모바일 앱 개발 • Azure  AWS 등 클라우드서비스 기반의 분산Db/Scale-Up 시스템 구축 및 운영,• 전문학사 이상 • .NET 6은 데스크탑  모바일  웹  게임  클라우드 등 거의 모든 분야의 앱을 닷넷기반의 동일한 언어로 효율적으로 개발할 수 있는 생산적인 통합플랫폼입니다.  • .NET Ecosystem을 구성하는 기술부분들에 대한 이해와 활용력을 가지신 분들을 적극 환영합니다.  • C# 언어의 이해와 사용이 가능하고  관련 기술요소들(.NET MAUI  EFCore  ASP.NET Core MVC/Blazor 등 일부)을 적절하게 이해하고 사용이 가능하신 분  • C# XAML관련 기술들의 이해와 사용이 가능하신 분 (WPF/XAML  Xamarin.Form/XAML  UWP/XAML 중 하나)   • C#의 크로스플랫폼개발툴 Xamarin.Form으로 모바일 앱을 개발한 경험이 있으신 분 • Git/GitHub 등의 소스관리 툴을 활용할 수 있으신 분 • 신입직의 경우 C#언어를 중급수준으로 이해하면서  관련분야의 새로운 기술습득을 빠르게 할 수 있는 열정과 능력이 있으신 분 • 경력직의 경우 포트폴리오 코드 리뷰 제시 요망,• .NET Assembly 및 CLR에 대한 중/고급 수준의 개념이해 및 활용가능자 특별 우대 • 커뮤니케이션이 원활하시 분 • Java개발경력자로 .NET6/C#로 기술확장 의지 있으신 분 환영 및 적극 지원,0
63,1366,모바일·웹 서비스 기획자,피플벤처스,• 서비스 요건정의 • IA설계 • 와이어프레임 작성 • 스토리보드 작성 • UI/UX 협업 진행,• 경력 5년 이상,• 해당직무 근무경험이 있는 분 • 커뮤니케이션 능력이 좋은 분,0
64,1367,기술연구소 모바일쿠폰 서비스 개발/운영,즐거운,• 쿠폰서비스 개발 및 운영 • 웹 서비스 개발 및 운영,• Spring Boot 기반의 웹 개발 경험 (5년 이상) • 관계형 데이터베이스(oracle  mysql)기반 개발 경험 (5년 이상),• 쿠폰서비스 관련 회사 경험자  • 거래트랜잭션 처리 경험자 (전자결제  포인트  쿠폰 등) • Git  Jenkins 등을 활용한 팀 프로젝트 활용 경험자 • Web framework 사용 경험자 • Struts2 framework 기반 개발 경험자,4
65,1368,모바일 게임기획(Junior),넵튠(Neptune),넵튠의 게임 기획자는 유저의 입장에서 니즈를 파악하고   늘 낮은 자세로 유저에게 다가가려고 노력합니다.   유저에게 새로운 즐거움을 줄 수 있는 게임 라이브  서비스를 기획하고   시스템과 데이터를 분석하여 게임을 각색하는 크리에이터입니다.  ＞ 사천성 퍼즐 장르 라이브 기획 ＞ 시스템/컨텐츠/이벤트 등 기획 전 분야 ＞ 게임 데이터 분석 및 관리,- 모바일 게임 기획 경력 2년 이상 - 퍼즐 및 캐주얼 장르 게임을 좋아하고 즐겨하시는 분 - 데이터 분석을 기반으로 한 BM 기획  업데이트 계획 수립 가능하신 분 - 동료 간 원활한 커뮤니케이션 능력 및 긍정적  적극적 마인드를 보유하신 분 - 기획 의도를 논리적으로 표현하고  문서로 잘 풀어낼 수 있으신 분,+ 모바일 퍼즐/캐주얼 게임 출시 및 라이브 경력 보유자 + Unity3D 엔진 경험자,1
66,1369,모바일 앱 마케터,레드컬튼,- 유료 사용자 확보 캠페인  유기적 성장 이니셔티브를 포함한 포괄적인 모바일 앱 마케팅 전략을 개발하고 실행합니다.  - 소셜 미디어  콘텐츠 마케팅  이메일 마케팅  인플루언서 파트너십과 같은 다양한 마케팅 채널을 활용하여 대상 고객에게 도달하고 참여를 유도합니다.  - 콘텐츠 팀과 협력하여 블로그 게시물  소셜 미디어 업데이트 및 비디오 콘텐츠와 같은 매력적인 홍보 자료를 만들고 선별합니다.  - 주요 업계 파트너 및 인플루언서와의 관계를 개발하고 유지합니다.  - 최대 ROI를 보장하기 위해 마케팅 예산을 관리하고 최적화합니다.  - 마케팅 이니셔티브의 성공을 측정하기 위해 핵심 성과 지표(KPI)를 모니터링하고 보고합니다.,- 마케팅 관련 경력 2년 이상인 분  - 소셜미디어  블로그 등 마케팅 채널을 직접 운영  분석  개선 등의 경험이 있으신 분  - 문화 콘텐츠(공연  영화  도서 등) 또는 팬덤문화에 관심이 있으신 분  - 내부/외부 구성원과 커뮤니케이션에 지장이 없으신 분,- 모바일 앱 또는 문화/콘텐츠 마케팅 대한 입증된 경험  사용자 획득 및 참여를 주도한 실적을 보유하신 분  - 앱 스토어 최적화(ASO)  유료 사용자 획득 전략 및 유기적 성장 전술에 대한 깊은 이해가 있으신 분  - Google Analytics  Facebook Ads Manager  Amplitude 등 다양한 마케팅 도구 및 플랫폼 사용 능력이 있으신 분  - 탁월한 분석  문제 해결 및 데이터 기반 의사 결정 기술,0
67,1370,모바일 앱 개발자(Flutter),파마브로스,• '친한약사' 1:1 맞춤상담 플랫폼 Flutter App 의 개발을 합니다. 현재는 신기능들을 빠른 속도로 붙이고 있어요. • 앱 배포관리 및 서비스 모니터링도 합니다. 모니터링보다는 배포관리 쪽에 무게를 두고 있구요. • App 개발파트의 테크 리더 역할을 기대합니다. App 파트 확장의 중심이 되어주세요.,• AOS  iOS 앱 개발 및 배포에 능숙하시고 • 전체 개발 경력 중 Flutter 개발 경험 2년 이상으로 • 실제 사용되고 있는 App 의 개발기여도가 50% 이상인 분이면 좋겠습니다.,• 동료검토 등 품질 확보 및 생산성 향상을 위한 Lean/Agile 개발 프로세스에서 작업 경험이 있으시고 • BE 및 Devops 와의 기술 협업 원활하시고 • 사업 우선순위에 대한 이해를 바탕으로 한 기획/디자인 협업 경험 속에서 • 몇 년 안에  Head Of Engineer 급으로 성장하고 싶은 분이면 적극 모시겠습니다.,1
68,1371,모바일 앱 개발자(React Native),패스트파이브,•신규 서비스의 앱 프론트엔드 설계 및 개발 •React Native 기반의 사용자 앱 서비스 개발,•React Native 개발 실무 경력 3년 이상이거나 그에 준하는 역량을 보유하신 분 •앱 어플리케이션의 구조를 주도적으로 설계해본 경험이 있으신 분 •git 를 이용한 협업에 익숙하신 분 •투명한 커뮤니케이션과 논리적인 토론이 가능하신 분 •기획자  디자이너와의 원활한 의사소통 및 협업이 가능하신 분 •애자일 프로세스에 대한 거부감이 없으신 분,•javascript를 포함한 3개 이상의 프로그래밍 언어를 능숙하게 다룰 수 있으신 분 •iOS(Swift / Objective-C)  Android (Kotlin / Java) 네이티브 앱 개발 경험이 있으신 분 •업무 프로세스 및 개발 문화 개선에 관심이 많으신 분 •새로운 기술을 익히는 것을 즐기시는 분 •애자일 프로세스를 경험하신분 •공간을 활용한 유사한 서비스 경험이 있으신분,0
69,1372,모바일 UI/UX 디자이너,피닉스다트,- 흩어져있는 홈페이지의 기능들을 분석  이를 새롭게 기획해서 통합 App 출시 - 다트 게임 내 아이템(스킨)에 대한 분석 및 기획(기획 부서 및 그래픽 디자인 부서와 협업),- 4년제 대졸 이상 - 디자인 학과 출신 - 업무 관련 2년이상 근무자 우대,- 디자인 경력 우대 - 분석적 사고 및 통계 분석 가능자,2
70,1373,모바일 광고 솔루션 - iOS 엔지니어,오픈랩소디,• 광고 SDK 개발 및 유지보수 • 인하우스 서비스 iOS 개발,• 컴퓨터공학  전산학  수학 등 직무 관련 전공자 • 유관 경력 3년 이상 • 1차 면접에서 포트폴리오 필수 제출,• 광고 솔루션 경험  • 초기 앱 서비스 개발 경험,0
71,1374,글로벌 모바일 게임 사업/운영,골프존,• 글로벌 모바일 게임 사업/운영,• 모바일 게임 사업PM 혹은 운영 업무 경험 • 글로벌 모바일 게임 커뮤니티 운영 및 관리 능력 • 정량/정성적 분석을 통한 문제 파악 및 개선점 도출 능력 (유저 동향  인게임 데이터) • 주도적인 업무 자세 및 논리적인 사고 능력 • 개발/사업 등 여러 협업 부서와 원활한 커뮤니케이션 능력 • 글로벌 모바일 게임 사업 및 서비스에 대한 이해도 보유,• 골프 경험(스크린  필드 골프) 보유 혹은 골프 관심이 있는 자 • 글로벌 모바일 게임 라이브 서비스 경험 • 영어 가능,1
72,1375,[100억↑투자] 모바일 App 개발자(Flutter),비엘큐(테스트밸리),• Flutter를 사용한 모바일 앱 개발 • Android / iOS 스토어 모바일 앱 배포 • 모니터링 서버 API 연동 • 모바일 차트 시각화,• Dart & Flutter 개발 경험이 있으신 분 • 3년 이상의 모바일 개발 경험이 있는 분  • Android / iOS 스토어에 출시  배포 경험이 있으신 분 • Provider 상태관리솔루션  Freezed  get_it (의존성주입) 사용 경험이 있으신분 • P.O  디자이너와의 원활한 커뮤니케이션 능력이 있으신 분 • UI/UX의 디테일에 대한 집착과 욕심이 있으신 분(애니메이션 등) • 더 나은 앱 개발 환경을 위한 기술 스택(아키택쳐  프레임워크  라이브러리)에 욕심이 있으신 분,• TDD 방법론으로 개발을 즐기시는 분 • 코드 개선을 위한 어플리케이션 구조 설계  코드리뷰 등 품질향상을 위한 활동을 주도한 경험이 있으신분 • 이커머스 서비스개발 경험이 있으신 분 • 앱스토어 최적화(ASO) 경험이 있으신 분 • compose 또는 swiftUI와 같은 선언형 UI 경험이 있으신 분 • 동료들과 커뮤니케이션하며 개발하는 과정이 즐거운 분,2
73,1376,모바일 퍼즐게임 Game Designer,퍼즐원스튜디오,ㆍ게임의 재미와 수익성을 만족시키는 콘텐츠와 시스템 기획 ㆍ데이터 측정 및 분석 ㆍ레퍼런스의 매커니즘  레벨  콘텐츠 분석,ㆍ경력 : 경력 3년 이상 10년 미만 ㆍ캐주얼 & 퍼즐 게임을 좋아하시는 분 ㆍ게임의 전체적인 기획에 대한 이해와 분석 능력이 있으신 분 ㆍ다양한 직군과 원활하게 커뮤니케이션 하는 능력이 있으신 분,ㆍ게임 개발 및 출시 경험이 있으신 분 ㆍ캐주얼 모바일 게임 레벨 제작 경험이 있으신 분 ㆍ모바일 퍼즐 게임 분석 경험이 있으신 분 ㆍ매치3  버블 슈터  블라스트 매치 등의 캐주얼 퍼즐 게임 플레이 경험이 많으신 분,1
74,1377,모바일 앱 엔지니어(React Native  RN) 개발자,파이러츠(Pirates inc.),• React Native를 활용한 iOS  Android 앱 개발 및 유지 보수 • 백엔드 개발자  디자이너 및 PM과 커뮤니케이션을 바탕으로 Frontend 개발 로드맵을 제시 및 수행 • 신규 기능에 대한 기획부터 개발까지 참여 • 서비스 확장성  안정성  완결성을 고려하여 서비스를 설계 및 구축,• 1년 이상의 React Native 개발 경력 또는 그에 준하는 React 역량을 보유하신 분 • iOS 또는 Android 앱 런칭/운영 경험이 있으신 분 • Slack / Notion / Google Workspace에 대한 이해가 높고 익숙하신 분 • 스스로 Task를 찾을 줄 알고  Challenge 달성에 성취감을 느끼시는 분 • 고객 경험을 중심으로 한 협업을 즐기고  백엔드 개발자  디자이너와 원활한 커뮤니케이션이 가능하신 분 • 다른 팀원의 성장에 도움을 줄 수 있고 동료의 성장에 동기부여를 느끼시는 분,• iOS와 Android 앱 모두 개발 경험이 있으신 분 • 컨텐츠 & 커뮤니티 기반 서비스 및 개인 프로필 기능이 포함된 앱 개발 경험이 있으신 분 • 마케팅을 위한 데이터 추출  애널리틱스 툴 연동과 같은 마케팅 팀과 긴밀한 협업 경험이 있으신 분 • 고객 경험 개선 및 프로덕트에 대해 많은 관심이 있고  성장을 중요하게 생각하시는 분,1
75,1378,웹  모바일 UI/UX 기획자,라익스,• 자사 플랫폼 기획 • 신규 플랫폼  프로젝트 기획 및 제안 • UI/UX설계,• 학력: 무관 • 경력: 3년~10년 • 업무 소통 및 유관부서 커뮤니케이션이 능숙한 분 • Figma  Zeplin 사용 (Figma 포트폴리오 제출 필수),• 에이전시 경험 • SI 유경험자 • 새로운 환경 적응을 잘 하는 분 • 캠핑을 좋아하는 분,2
76,1379,모바일 앱 서비스 마케팅 리드,부에노컴퍼니,* 크리에이티브 마케팅 기획 (브랜딩)   - 자사 서비스 '그로켓'의 마케팅 전략 및 프로세스를 기획합니다.   - 마케팅 컨셉 도출 및 각종 광고 콘텐츠의 카피라이팅을 진행합니다. (광고&홍보물 제작 총괄)     * 광고 운영   - 온-오프라인 매체에 PAID 광고를 운영합니다.    - 광고 성과를 분석하고 마케팅 효율을 극대화 합니다.    ** 재택근무 가능    [전형절차] 1)원티드 서류 평가  2)비대면 직무 인터뷰  3)임원면접 4)최종선정   인생의 중요한 꿈을 '함께' 이뤄갈 동료를 모시는 일이기에 부에노컴퍼니는 팀원 한분 한분을 신중하게 맞이하고 있습니다.  * 경력에 따라 3개월 또는 6개월의 수습기간(급여 100%지급) 이후 내부 기준에 따라 정규직으로 채용합니다.,- 마케팅 경력 1년 이상   - 센스있고 강렬한 광고 카피라이팅 역량 보유(포트폴리오 필수)   - 논리적이고 말끔한 작문(글쓰기) 역량   - 마케팅 컨셉에 맞는 감각적인 디자인을 볼 줄 아는 안목   - 온&오프라인 광고 매체에 집행 경험이 있는 분(Google Analytics 활용),- APP  플랫폼 등 IT업계에 대한 이해도가 높으신 분   - 유니크한 브랜딩을 해보고 싶은 분   - 글쓰기에 큰 흥미를 느끼는 분   - 사람에게 관심이 많고 인사이트 있는 분   - 커뮤니케이션 역량이 뛰어난 분,0
77,1380,모바일 앱 개발,칸그림,- 자사 서비스의 모바일 앱 개발  - 기존 프로젝트 업데이트 개발,- 경력 2년 이상 - 중급 이상의 애플리케이션 (Native  혹은  React  Flutter ) 개발자  - Apple Appstore  Google Paystore  앱 등록 및 관리 가능한 자  - 서버 API 를 활용하여 클라이언트 부분 개발 가능한 자,- PHP 를 알거나 관련 프로젝트를 수행해보신 분 - Github 등 코드 관리 경험이 있으신 분 - 웹 개발 관련 지식이 있으신 분,0
78,1381,모바일 DBA,블루포션게임즈,• 담당업무    - MS-SQL 성능 최적화  모델링  SP 개발  쿼리 튜닝 가능   - 모바일 MMORPG DB 개발 및 유지보수   - 게임 통계 작업  운영툴 SP 개발 및 유지보수   - DB 서버 구축 및 운영   - 장애발생에 따른 DATA 보정 작업   - 각종 성능 지표를 모니터링하고 문제 분석   • 고용 형태   - 정규직  • 전형절차   - 서류심사 - 1차 면접(실무) - 2차 면접(임원진) - 합격자발표,• RDBMS 에 대한 이해 • 모바일 플랫폼에 대한 이해 • 원활한 커뮤니케이션 능력 • 1년 이상 경력  [이력서 필수기재]  - 이력서 내 '간단 소개글'에 기재 부탁드립니다 • 생년월일 (나이) • 경력년수,• MMORPG 데이터베이스 경험 • 상용 게임 오픈 경력,1
79,1382,[FC모바일] 게임 사업 PM (4년 이상),넥슨코리아(NEXON),- 사업 지표 달성을 위한 사업 계획 수립 및 실행 - 게임 콘텐츠 제안 및 개발사와 협업을 통한 실행 - 결과 데이터 분석 기반의 사업 지표 관리 및 개선 방향 도출,- 4년 이상의 게임 또는 디지털/온라인 서비스 경력을 보유하신 분 (게임 및 서비스 장르 무관  MMORPG/이커머스 등) - PvP 또는 RPG 게임 플레이 경험이 풍부하신 분 - 가설 기반의 데이터 분석 및 인사이트 도출 능력을 보유하신 분 - 실제 축구에 관심이 많거나 축구게임 플레이 경험이 많으신 분,- MS Office (Excel  Power Point) 활용 능력 및 경험이 풍부하신 분 - SQL 활용한 데이터 분석 경험을 보유하신 분 - 영어 이메일 커뮤니케이션이 가능하신 분 (중급 수준),0
80,1383,DBA (모바일게임),골프존,• DB 설계 및 개발 • DB 모니터링 및 트러블 슈팅 • 유관 부서 개발 지원 및 환경 구축 • 분석 & 통계 관련 업무 수행,• Query Tuning 및 Processing 능력 • Microsoft SQL Server Stored Procedure 작성 능력 • Microsoft SQL Server 모니터링 능력 • Microsoft SQL Server 트러블 슈팅 능력 • RDB Data 모델링 능력,• 모바일 게임 DB 서비스 경험자 (오픈 및 라이브 서비스) • MySQL  NoSQL 플랫폼 운영 및 시스템 구축 경험자 • Amazon AWS 등 클라우드 플랫폼에 대한 운영 경험자 • 유관 부서와의 원활한 커뮤니케이션 능력 • 무엇을 해야 하는지 스스로 생각하고 이행하시는 분,0
81,1384,[100억↑투자] 모바일 게임 사업 PM,슈퍼센트,• 슈퍼센트 내외부 게임의 출시 일정 및 프로덕트 KPI 관리 • 플레이 테스트  피드백 및 라이브 지표를 기반으로 개선사항 도출 • A/B Test기반의 Live Ops 운영 • 하이퍼 캐주얼 게임 시장 분석을 통한 하이퍼 캐주얼 게임 업계의 최신 동향 파악 • 잠재 파트너사의 포트폴리오  컨셉기획서  프로토타입 등을 평가하여 사업 가능성 측정 • [전형 절차] : 서류 전형＞과제전형 ＞ 1차 실무 인터뷰 ＞ 2차 Culture-Fit 인터뷰 ＞ 처우협의 ＞ 최종 합격,• 경력 무관 • 게임에 대한 열정과 게임을 재미있고 매력적이며 중독성 있게 만드는 요소에 대한 이해능력을 보유하신 분 • 긍정적인 태도  혼자 또는 팀원으로 일할 수 있는 자기 주도적 사고의 소유자이신 분 • 담당 프로젝트의 개선사항과 필요한 업무를 스스로 찾고 추진할 수 있으신 분 • 게임 테스트 데이터를 수집하고 분석하는 능력과 명확하고 간결한 방식으로 결과를 제시하는 능력을 보유하신 분 • 빠른 속도로 진행되는 환경에서 우선순위를 정하고 멀티태스킹 할 수 있는 능력을 보유하신 분,• 게임의 초기 개발부터 출시까지 주도적으로 관리  운영한 경험이 있으신분 • 서비스 중인 게임의 통계를 분석  가공하여 문제점 해결과 개선안을 만들어 낸 경험이 있으신 분 • 해외 거주 경험이 있거나 비즈니스 레벨의 영어가 가능하신 분 • 데이터 기반의 의사결정을 내릴 수 있는 강력한 분석력 및 문제 해결 능력을 갖추신 분 • 결과 지향적이며 측정 가능한 목표를 달성한 실적이 있으신 분,32
82,1385,모바일 게임 클라이언트 (Unity3D),제트5,• MoRPG 게임 클라이언트 개발 및 관리,• Unity3D 게임 개발 1년 이상 경력 • 엔진에 대한 높은 이해도 • 모바일 게임 최적화에 대한 높은 이해도 • 원활한 커뮤니케이션 능력,• RPG 개발 경험 • MORPG/MMORPG 플레이 경험 • Photon 사용 경험 • 라이브 프로젝트 개발 경험 • 영문 자료를 이해 할 정도의 영어 실력,3
83,1386,[100억↑투자] 모바일 게임 프로듀서 (PD),팀스파르타,■ 합류하면 이런 업무를 해요 • 퍼즐 등 하이브리드 장르 신규 모바일 게임의 기획  개발  제작  유통을 총괄합니다.      • 시장공백으로 기회를 발굴하고  역기획과 믹스로 재미를 창조합니다.      • 연 100여 명 이상의 Unity 개발자를 교육하고 리드하여 구상을 실현합니다.      • 업계 탑클래스 Advisor와 논의하여 유통 전략을 수립하고 실행합니다.,■ 이런 분을 찾고 있어요 • 게임 제작(기획  개발 등) 관련 경력이 7년 이상이신 분 • 모바일 캐주얼 게임의 기획부터 유통까지 한 사이클을 돌아본 경험이 있으신 분 • 기민한 시장 감각을 바탕으로 내 이름을 건 작품을 반드시 성공시키겠다는 강한 집념이 있으신 분 • 기획  아트  개발 직군과 명확하고 원활하게 소통할 수 있으신 분,■ 이런 분이라면 더 좋아요 • 1년 이상 라이브를 운영해 보신 경험이 있으신 분 • 경험을 기반으로 한 동남아/서유럽/북미 시장 이해가 있으신 분 • 게임사 창업 경험이 있으신 분,0
84,1387,모바일 게임 UA 마케팅,캐논크래커,• 마케팅 전략 수립 및 실행 관리,• 게임 커뮤니티 관련 업무 및 관리 경험 • 다양한 지표를 다루는 분석툴 경험 • 프로젝트 런칭 혹은 서비스 경험,• 온라인 마케팅 전략 수립을 경험,3
85,1388,모바일게임 UI/UX 디자이너,알로하팩토리,알로하 팩토리의 아트팀은 무엇을 하나요?  알로하팩토리 모바일 캐주얼 게임의 모든 비주얼적인 부분을 담당합니다. 주로 북미풍 캐주얼 스타일의 아트를 제작하여 게임에 생명을 불어넣는 역할을 해요. 심플하면서도 유저에게 확실히 각인될 수 있는 스타일의 아트를 지향합니다. 언제나 활기찬 멤버들과 웃으며 일할 수 있는 아트팀과 함께 즐거운 게임을 만들어나가요!   아트팀의 UI/UX 디자이너로 합류하시면 담당하실 업무를 알려드려요!  • 다양한 캐주얼 게임 내 리소스 제작 및 연출 • 신규 게임 UI / UX 디자인,이런 분과 함께 하고 싶어요!  • UI / UX 업무 관련 툴이 능숙하신 분 • Unity 엔진에 대한 경험과 이해도가 있으신 분 • 다양한 컨셉을 디자인하고 주도적으로 아이디어 제시가 가능하신 분,• 협업 및 커뮤니케이션이 원활하신 분 • 캐주얼 / 미드코어 장르에 대한 이해도가 있으신 분 • 아트 컨셉 방향성에 대한 이해도가 높으신 분 • 연출적 감각이 있으시고 UI 애니메이팅이 가능하신 분 • UI 사용성에 대한 이해가 높고 문제 해결 능력이 있으신 분 • 한 가지 스타일이 아니라 다양한 시각적 표현을 제시하실 수 있으신 분,0
86,1389,디자인(모바일  자동차用  제품) 파트장,세경하이테크,ㆍ제품디자인 및 산업용 CMF 디자인 ㆍ휴대폰 백커버 디자인 ㆍ자동차用 제품 디자인,ㆍ경력 : 경력 10년 이상 ㆍ직급 : 수석급 ㆍ휴대폰 CMF 유경험자 우대 ㆍ자동차用 제품 디자인 유경험자 우대  ㆍ증착  패턴  인쇄  도장  스프레이 경험자 우대,ㆍ증착  패턴  인쇄  도장  스프레이 경험자 우대 ㆍ고객사  파트원과의 커뮤니케이션 우수자 우대,0
87,1390,닷넷/닷넷코어(.NET Core  .NET 6) 크로스플랫폼 모바일 개발,투썬플랫폼,• 이용자의 생활가치를 통합하고 새로운 기술을 기반으로 미래시장을 선도하는 통합플랫폼 신규 서비스 모델링 및 개발 • 생활의 패러다임을 혁신시키는 신규서비스 Biz Process에 대한 아키텍처 모델링 디자인 • 상기 추진서비스들에 대한 .NET Ecosystem 기반의 기술트리들로 개발과제 해결 및 프로젝트 진행관리 • C# 기반 .NET MAUI 로 크로스 플랫폼 모바일 앱 개발 • Azure  AWS 등 클라우드서비스 기반의 분산Db/Scale-Up 시스템 구축 및 운영,• 전문학사 이상 • .NET 6은 데스크탑  모바일  웹  게임  클라우드 등 거의 모든 분야의 앱을 닷넷기반의 동일한 언어로 효율적으로 개발할 수 있는 생산적인 통합플랫폼입니다.  • .NET Ecosystem을 구성하는 기술부분들에 대한 이해와 활용력을 가지신 분들을 적극 환영합니다.  • C# 언어의 이해와 사용이 가능하고  관련 기술요소들(.NET MAUI  EFCore  ASP.NET Core MVC/Blazor 등 일부)을 적절하게 이해하고 사용이 가능하신 분  • C# XAML관련 기술들의 이해와 사용이 가능하신 분 (WPF/XAML  Xamarin.Form/XAML  UWP/XAML 중 하나)   • C#의 크로스플랫폼개발툴 Xamarin.Form으로 모바일 앱을 개발한 경험이 있으신 분   • Git/GitHub 등의 소스관리 툴을 활용할 수 있으신 분 • 신입직의 경우 C#언어를 중급수준으로 이해하면서  관련분야의 새로운 기술습득을 빠르게 할 수 있는 열정과 능력이 있으신 분 • 경력직의 경우 포트폴리오 코드 리뷰 제시 요망,• .NET Assembly 및 CLR에 대한 중/고급 수준의 개념이해 및 활용가능자 특별 우대  • 커뮤니케이션이 원활하시 분 • Java개발경력자로 .NET6/C#로 기술확장 의지 있으신 분 환영 및 적극 지원,6
88,1391,모바일게임 클라이언트 개발자,더재미(thejaemi),ㆍ Unity3D 클라이언트 모바일 게임 개발 (방치형 힐링 시뮬레이션 장르) ㆍ 시스템/컨텐츠 ㆍ 캐릭터/맵/UI,ㆍUnity에 대해 5년이상의 경력 혹은 그에 준하는 중급 이상의 개발자 ㆍC#  디자인 패턴 / OOP에 익숙하신 분  유니티를 활용한 게임 개발 가능자 ㆍ유니티 게임 제작과 출시 경험자,ㆍ방치형 게임이나 힐링 게임 프로젝트 참여 경험 ㆍ3D 게임 제작 경험 ㆍ장르 특성상 아트퀄리티를 위한 아트파트와 R&D협업이 능한 분 ㆍSDK / 에셋 등 오픈소스 활용이 능한 분 ㆍGit을 사용하여 꾸준히 프로젝트를 관리한 경험이 있으신 분 ㆍ강아지/고양이 등 동물 좋아하시는 분,30
89,1392,모바일 캐주얼 게임 사업PM,알로하팩토리,사업팀은 무슨 일을 하나요?  알로하팩토리 사업팀은 글로벌 히트 게임을 위한 최고의 사업 파트너입니다. 저희 팀은 데이터/수익화/UA/크리에이티브팀의 전문적인 지식과 경험을 보유하고 있으며 데이터 기반으로 의사 결정하는 프로세스를 핵심 전략으로 일합니다.  파트너스 개발사와 함께 글로벌 성장을 경험해봅시다!  [담당업무] • 프로젝트의 사업성  BM 전략  상품/이벤트 기획 설계   • 개발 스튜디오와의 협업 및 사업 PM 역할 수행  • 모바일게임 런칭 및 라이브 서비스 진행 • 글로벌/국내 시장 런칭을 위한 사업 목표 및 전략 수립 및 실행,• 게임 사업 PM 경력 3년 이상   • 모바일 게임 런칭 및 라이브 서비스 경험 • 게임 시스템과 게임BM에 대해 깊은 이해도를 갖추신 분 • 원활한 커뮤니케이션과 논리적 사고를 보유하신 분,• 모바일 게임을 매우 좋아하고  게임 시장에 대한 이해도가 높으신 분 • 주도성이 있고 문제 해결 능력이 뛰어나신 분 • 스스로 문제를 정의하고 논리적인 가설을 세우고 증명하는 과정을 실행 할 수 있는 분 • 게임 수익화관련 상품설계  광고포인트 설계 등 경험이 있으신 분 • 데이터를 통한 분석력을 갖추신 분,0
90,1393,리액트 네이티브(React Native) 모바일 앱 개발자(3년 이상),모니모니,[직무 소개] • React Native를 사용하여 모바일 어플리케이션을 개발해요. • 존재하지 않는 React Native 모듈을 만들거나 오픈소스를 활용  제작하기도 해요. • 효율을 올리기 위해 다양한 자동화 및 테스트 코드를 시도하고 Third Party 서비스를 활용해요.  [주요 업무] • 서비스 중인 앱의 새로운 기능 개발 • 퍼포먼스와 버그 이슈 관리 및 개선 • 앱 기획 참여와 신규 앱 개발 등 기타 앱 서비스에 관련된 모든 업무  [전형 절차] 서류전형 - 과제전형 - 면접 - 최종 합격,• React의 동작방식과 Hook에 대한 이해도가 있는 분 • Mobile Application 혹은 React  사용 서비스 개발 및 유지보수 3년 이상의 경력 • React Native 혹은 iOS  Android로 제품을 출시한 경험이 있는 분 • JavaScript  TypeScript에 대한 기본적인 이해(ES6) • 주어진 기능 및 UI 요구사항을 설계/구현/테스트 할 수 있는 분 • 확장 가능한 개발을 지향하며 리팩토링  버전관리(Git)등의 체계적인 코드관리에 익숙하신 분 • Node.js 환경 및 라이브러리에 대한 지식 혹은 습득 능력을 갖추신 분 • 기본적인 영어 능력(읽기  쓰기  간단한 회화) • 해외여행에 결격사유가 없는 분,• DAU 30만 이상의 서비스 혹은 그에 준하는 경험 • 좋은 UI/UX 개발에 관심이 많으신 분 • 앱의 테스트 및 배포 자동화 등에 경험이 있는 분 • 다른 개발자와의 협업을 위한 프로세스 구축 경험 • 오픈소스 참여 경험,7
91,1394,모바일/웹 디자이너,인앤아웃코퍼레이션,• 모바일/웹 운영 디자인 구축 • 상세페이지  이벤트  배너 등 웹디자인 업무 • 간단한 영상편집(GIF 포함) • 이미지 합성 및 보정,• 웹 디자인 실무 경력자 • 자사몰 제작 경험자(아임웹  카페24  고도몰 등 사용) • 모바일/웹 서비스 구축 및 운영 디자인 경험자 • 다양한 분야의 UI/UX 디자인 작업 경험자 • Adobe 툴 사용 숙련자(PS  AI  XD 등) • 원활한 커뮤니케이션 스킬 보유자,• 웹 코딩이 가능한 분 • 그래픽 디자인 요소의 활용도가 우수하고 레이아웃 구성에 능숙하신 분 • 영상 및 프로토타입 제작과 관련된 도구를 사용하는데 능숙하신 분 • 웹 페이지 디자인 기획이 가능한 분,4
92,1395,모바일 캐주얼 게임 QA,알로하팩토리,알로하팩토리의 운영팀에서 무슨 일을 하나요?  알로하팩토리의 내부 스튜디오  퍼블리싱 게임의 개발 및 라이브 프로젝트의 품질관리 업무를 진행합니다. 프로덕트의 품질 검증 뿐만 아니라  전반적인 게임의 재미를 검증하는 FUN QA의 역할을 수행하며 자사 게임의 성공적인 런칭을 위한 파트너로써의 역할을 담당합니다.  게임을 좋아하고 프로덕트의 퀄리티 향상에 관심 있는 여러분들의 많은 지원 바랍니다!    [주요 담당업무]  • 내부 스튜디오 & 퍼블리싱 게임 프로젝트의 품질 관리 업무 수행  • 품질 검증 계획 수립 및 산출물 관리 & 이슈 트래킹 및 리포팅  • 프로덕트 FUN QA,이런 분과 함께 하고 싶어요! • 게임 개발 QA 전문 경력이 3년 이상 있으신 분  • 테스트 설계 기법에 대한 이해와 효율적인 TC 작성  수행  리포팅에 능숙하신 분 • 모바일 게임을 좋아하고 게임 시스템에 대한 충분한 이해를 갖추신 분  • 원활한 커뮤니케이션과 논리적 사고를 보유하신 분,• 게임을 좋아하고 게임 프로덕트의 개선점 도출에 관심이 있으신 분  • 테스팅 지원 도구에 대한 사용 경험과 노하우를 보유하신 분 • 테스트 자동화에 대해서 관심이 있거나 실제로 게임 QA 업무에 적용해 보신 분,0
93,1396,모바일 쿠폰 운영 MD,윈큐브마케팅,1) 모바일쿠폰 운영 업무 - B2C  B2B : 상품관리  모바일 쿠폰 발송 - B2C 판매채널 및 오픈마켓 운영 - B2B 운영 업무 - 기프트샵  매체관리 : 기획전  프로모션 협의 및 오픈 (플랫폼 운영 및 기획) - 브랜드&공급사 관리 : 원활한 운영을 위한 커뮤니케이션  프로모션 협의  상품관리  2) 데이터 분석 및 기획 - 매체별 매출 및 수익 분석 (매출 확정  수익산출) - 내부 시스템 및 업체 요청 개발 사항 의견 조율  기획,1) 동종업계 경력자 우대 2) 오픈마켓 MD  AMD 경력자 우대 3) 포토샵 및 OS 업무 가능자,1) 원활한 커뮤니케이션 가능자 2) 의문 사항이 있을 때 해결하고자 하는 욕구가 있는자 3) 적극적인 자세로 임하는자,1
94,1397,모바일 게임 개발 프로그래머,앤유,• 서비스 중인 모바일 게임 컨텐츠 개발 및 유지보수 • Unity  C# 환경에서의 신규 게임 개발 • 게임 및 데이터 구조 설계 및 개발 • 팀간 업무 효율을 위한 툴 개발,• Unity 엔진의 기능들을 능숙하게 사용가능 하신 분 • 다양한 SDK(안드로이드  iOS 등)의 Unity 연동 경험이 있으신 분 • 모바일용 앱 빌드 프로세스를 이해하고  스토어 배포에 대한 지식이 있거나 경험을 해보신 분  • C# 프로그래밍에 충분한 지식을 갖춘 분 • 네트워크 프로그래밍에 대한 전반적인 이해와 지식을 갖추신 분 • 게임 개발 및 운영 시 필요한 Tool(언어무관)들을 직접 제작하고 사용/배포해보신 분 • CI/CD툴에 대한 이해가 있으며 실제 구성해 보았거나 사용해 보신 분 • Jira 등 이슈트래킹 소프트웨어에 대해 알고 있거나 사용해 보신 분 • SVN 원활하게 사용 가능하신 분  • 빠르고 정확한 코드 분석 및 디버깅 능력을 갖추신 분 • 본인이 개발한 프로그램의 성능 향상을 위해 항상 개선하는 습관을 가지신 분 • 안정적인 서비스를 위해 새로운 기술을 검토하고 적용할 수 있는 능력을 갖추신 분 • 다양한 직군(아트 기획등)의 동료들과 원활한 커뮤니케이션이 가능하신 분 • 자신이 개발하는 게임에 책임과 열정이 있으신 분 • 항상 새로운 것을 배우고  적용해보고 싶은 욕심이 많으신 분 • 학력 무관  [제출 서류] • 이력서  기술 이력서 • 자기소개서 • 포트폴리오,• 모바일 게임 상용 서비스 및 라이브 유지보수를 경험해 보신 분 • 프로젝트의 기본 개발 구조 설계가 가능하신 분 • Unity 엔진 개발 경력 5년 이상(학력무관) • Jenkins 구성 및 자동화 빌드 및 배포에 경험이 있으신 분 • 2D/3D 그래픽스에 대한 지식이 있으신 분 • 서버프로그래밍(언어무관) 경험이 있으신 분 • MSSQL 등 DBMS의 기본적인 내용을 이해하고  DB 테이블 설계 및 기본적인 프로시저  쿼리 구현이 가능하신 분 • 윈도우 서버에 대한 기본적인 이해가 있으신 분 • 웹서버(IIS  Apache 등) 구성 경험 및  REST API 프로그래밍에 경험이 있으신 분,4
95,1398,[NEW STATE Mobile] 모바일 Anti-Cheat 엔지니어 (3년 이상),크래프톤(Krafton),- 모바일 안티치트 솔루션 개발 - 모바일 치트 프로그램에 대한 효율적인 차단 방법 연구 및 적용 - 모바일 치트 프로그램 분석 및 대응 - 모바일 게임에 대한 보안 검수,- 기본적인 프로그래밍 능력 (C/C++/Python 중 2가지 이상) - Android  iOS OS Internal 에 대한 높은 이해도 - Frida 및 각종 분석 프레임워크를 능숙하게 활용하시는 분 - ARM 아키텍처 리버스엔지니어링 경험 - 치트 개발자를 괴롭히는 일을 즐기는 분,- 모바일 안티치트 솔루션 개발 경험 - LLVM  Clang 을 활용한 난독화 프로젝트 개발 경험 - Unreal Engine 4 사용 경험 또는 높은 이해도 - 모바일 치트 프로그램 분석 경험  전형절차 서류 전형 ＞ 전화 인터뷰 (Phone Interview) ＞ 직무 테스트 (Technical Fit Test) ＞ 실무 면접 (Technical Fit Interview) ＞ 최종 면접 (Culture Fit Interview) ＞ 합격 및 입사  제출서류 입사지원서 (자유 양식)  경력기술서  포트폴리오 (선택)  고용형태 정규직,2
96,1399,모바일 게임 서버 프로그래머 (3년 이상),캐논크래커,• 서버 구조 설계와 프레임워크 개발 • 서버 API 설계와 구현 • 게임 데이터 베이스 개발 • 플랫폼 연동 및 운영 관련 서버 기능 개발 및 기술 지원 협의 작업,• C# / Java / JavaScript / Python 프로그래밍 경험 • MySql  MSSql 개발 경험 • 객체 지향 프로그래밍 (OOP)에 대한 지식 • 서비스 구성 요소 사이의 트랜잭션 설계 및 구현 능력 • 긍정적이고 책임감 있는 마인드 • 원활한 커뮤니케이션 스킬,• AWS  Azure 등 Cloud Infra 환경에 대한 경험 • 빌드/테스트/배포 자동화 경험 • lasticsearch 개발 경험 • 성능 튜닝에 대한 노하우와 경험 • 담당 프로덕트의 구조 개선 경험,0
97,1400,모바일 게임 기술PM,블루포션게임즈,• 모바일 게임 퍼블리싱 프로젝트 기술 관리 (마일스톤/태스크/이슈 관리  문제해결) • 모바일 게임 퍼블리싱 기술지원 및 총괄 • 모바일 게임 퍼블리싱 프로젝트 관리 • 기술 부문의 업무 / 일정 / 이슈 관리 • 모바일 게임 시스템의 구축 및 운영 • 모바일 개방형 플랫폼 연동  기술가이드 및 표준화 업무 • 유관 부서와 기술 커뮤니케이션 (기술적 의사결정을 위한 합의 도출  협업 환경 조성) • 게임 론칭을 위한 기술 리딩  마일스톤 및 태스크 / 이슈 관리 • 전산 감사 관련 IT 통제 기술 지원 • 아키텍처  인프라  자동화  CI/CD 및 Observability 개선,[자격요건] • 유관 경력 3년 이상 • 게임 퍼블리싱 기술 경력 3년 이상 (기술PM  개발PM  플랫폼 개발 등) • 게임 관련 개발 경험 (게임서버  클라이언트  DBA 등) • 적극적인 커뮤니케이션 스킬과 문제 해결 역량 • 서버 / DB / 네트워크 / 어플리케이션에 대한 전반적인 지식 보유 • 게임 서비스 퍼블리싱 라이프 사이클에 대한 이해와 업무 경험  [필요역량] • 기술PM으로서의 프로젝트 관리 / 리딩 및 커뮤니케이션 능력 • 게임 서비스 론칭 및 게임 시스템 운영 능력 • 게임 서비스 문제 발생 시 원인 분석 및 해결 능력 • 지속적으로 시스템 최적화 • 유관부서와의 커뮤니케이션    [이력서 필수기재] • 이력서 내 '간단 소개글'에 기재 부탁드립니다. • 생년월일 (나이) • 경력년수,• 기술PM으로 온라인 게임 서비스 론칭  운영 경험 • 모바일 게임 클라이언트  서버 개발 경험 • 기술부서 조직 리딩 경험 • 게임 엔진(Unity)  모바일(Android  iOS)  게임 시스템  웹서비스  네트워크  DB  보안 등에 대한 지식 보유,0
98,1401,모바일 앱 서비스 기획자,마이게러지,• 전반적인 기획업무 • 자사서비스 UI/UX,[구인 연차] • 3~7년차,• PM 및 유사 경험자 • 신규서비스 기획/출시/운영 경험자 • 스타트업 경험자 • 스크럼/스프린트 경험자,0
99,1402,모바일 앱/웹 서비스 기획자,피닉스다트,- 흩어져있는 홈페이지의 기능들을 새롭게 기획해서 통합 App으로 출시 - 다트 게임 내 아이템(스킨)에 대한 분석 및 기획 - 아이템 및 콘텐츠 제작(기획 부서 및 디자인 부서와 협업),- 4년제 대졸 이상 - 디자인 학과 출신 - 업무 관련 2년이상 근무자 우대,- 디자인 경력 우대 - 분석적 사고 및 통계 분석 가능자,0
100,1403,[100억↑투자] 모바일 게임 UA 매니저,슈퍼센트,• 모바일 게임 UA 켐페인 계획 및 관리 • 켐페인 성과 분석 통한 인사이트 발견 및 ROAS 관리 • UA 전문지식 및 케이스 리서치 • 크리에이티브 제작팀과 커뮤니케이션을 통한 켐페인 성과 향상 • [전형 절차] : 서류 전형 ＞ 1차 실무 인터뷰 ＞ 2차 Culture-Fit 인터뷰 ＞ 처우협의 ＞ 최종 합격,• 해커마인드로 하나의 주제에 깊게 파고드는 성향을 가지신 분 • 논리적  분석적 사고를 보유하고 결과와 원인에 대해 탐구심이 강하신 분 • 자율적으로 업무하는 환경에 익숙하고 계획적으로 일하실 수 있으신 분,• 영어로 원활한 의사소통이 가능하신 분,7
101,1404,서버 개발 (모바일게임),골프존,• 모바일게임 서버 개발,• C# / 자료구조 / 알고리즘 / Network / Multithread에 대한 이해 • Windows 개발 환경 능숙 (Visual studio  MS-SQL) •  Redis 프로젝트 진행 경험,"• 게임 서버 개발  출시  라이브 경험 • 게임 서비스 관리 경험 • AWS 사용 경험 • 인프라 자동화와 배포  모니터링 환경 구축 경험 • 안정적인 서비스 개발에 필요한 새로운 기술 검토 및 분석  활용 능력 보유""",0
102,1405,모바일 게임 사업 PM (3년 이상),베이글코드(Bagelcode),* 이런 일을 함께하고 싶습니다. - 베이글코드 내부 게임 출시 일정 및 프로덕트 KPI 관리 - 프로덕트 런칭 및 마케팅 전략 수립 - 경쟁사 지표 분석 - A/B Test 및 Live Ops 운영 - 라이브 지표를 기반으로 개선사항 도출,* 이런 역량을 가지신 분을 찾습니다. - 사업 PM 업무 3년 이상 - 사업 전략을 기반으로 기준점이될 KPI 설정 해보신 분 - 마케팅 및 데이터 등 유관부서들과 원활한 커뮤니케이션이 가능하신 분 - 중급이상의 영어 커뮤니케이션이 가능하신 분 - 긍정적인 태도  자기 주도적 사고를 소유하신 분,* 이런 분을 우대합니다. - 게임 개발 초기부터 런칭  그리고 운영까지 경험해보신 분 - 해외 거주 경험이 있거나 비지니스 레벨의 영어가 가능하신 분 - 풍부한 데이터 분석 경험 및 분석 기반의 개선안을 만들어 보신 분 - 게임 업계 마케팅 업무 경험이 있으신 분,0
103,1406,[Unannounced Project] 모바일 클라이언트 개발자,Electronic Arts Korea (EA Korea),• 다양한 게임 콘텐츠 및 게임 플레이 개발 • 멀티플랫폼(PC  Android  iOS) 전반적인 클라이언트 시스템  툴 개발 • 라이브 서비스 운영을 위한 시스템/툴 개발 • 다양한 국가의 라이브 환경에서 발생하는 문제들을 분석하고 대응,• 관련 분야 개발 경력 2년 이상 • 모바일 플랫폼 개발과 라이브 서비스 유지 보수 경험 • C/C++  STL의 능숙한 개발자 • C/C++을 사용한 Android / iOS 개발에 능숙한 개발자 • 협업에 어려움이 없고 팀 개발 프로세스에 익숙하신 개발자  [필수 제출 서류] • 국문 이력서 • 국문 경력기술서,• 다양한 컨텐츠 개발 경험 • 다양한 상용 엔진 개발 경험 • UI/UX에 대한 깊은 관심과 경험 • 라이브 서비스에 필요한 빌드 관리 및 배포 경험 • gRPC나 Protobuf 활용 경험과 이해 • Framework  Rendering  Game Logic  Network  Sound  Debugging  System등의 specialist • C++외의 활용 가능한 프로그래밍 언어 • 멀티 플랫폼(PC  Android  iOS) 프로젝트 서비스 경험 • 최신 Graphics API(Vulkan / Metal) API 이해 및 개발 경험 • 컴퓨터 공학 전공 • 책임감과 열정이 있으신 분 • 커뮤니케이션 스킬 • 팀 리더의 경험,1
104,1408,캐주얼 모바일 게임 UI/UX 디자이너 (Unity),캐논크래커,• 캐주얼 모바일 게임의 UI/UX 제작,• 기본 드로잉 역량을 갖추신 분 • 유니티 엔진 게임 개발 경험이 있으신 분 • 유니티를 활용한 UI 연출 능력이 있으신 분 • 긍정적이고 책임감 있는 마인드를 지니신 분 • 원활한 커뮤니케이션 스킬을 갖추신 분,• 다양한 컨셉의 UI 작업 능력이 있으신 분,1
105,1409,모바일 클라이언트 개발자,엔스테이지,- 라이브 서비스 중인 앱의 유지 보수 작업   - 서드파티 SDK 및 Unity 버전 업그레이드   - 라이브 이슈 대응,- Unity 개발 경험 1년 이상 이신 분 - 반복되는 업무에도 성실하고 책임감 있는 태도를 갖추신 분 - 효율적인 협업을 위한 원활한 커뮤니케이션이 가능하신 분,- 모바일 광고 시스템에 대한 이해도가 있으신 분 - 스토어 정책에 대한 이해도가 있으신 분,5
106,1410,모바일 게임 이펙터,캐논크래커,• 캐주얼 게임의 2D  3D  UI 연출에 포함된 이펙트 제작,• 유니티 엔진 게임 개발 경험 • 긍정적이고 책임감 있는 마인드 • 원활한 커뮤니케이션 스킬,• 에프터이펙트  포토샵  3Dmax  블렌더 사용 경험 • 다양한 스타일의 이펙트 작업 능력 • 드로잉 이펙트 능력 • 스타일라이즈 연출 능력    ※ 채용 프로세스 서류 전형＞1차 면접＞최종합격,0
107,1411,클라이언트 개발 (모바일게임),골프존,• 모바일 기반의 골프 프로젝트의 개발,· Unreal Engine 4에 대한 이해 및 활용 능력 · C++ 활용 능력 · 원활한 커뮤니케이션,· Unreal Engine을 이용한 게임 출시 경험 · 글로벌 라이브 서비스 경험,1
108,1412,모바일 Application 개발자,비피앤솔루션,•  당사가 부산시와 진행하는 블록체인기반 커피물류 플랫폼 사업의 모바일 application 개발자 (팀원 및 팀장) • 당사가 수행하는 국가 지원 사업 및 R&D 관련 모바일 application 개발,• React-Native 개발 경험 2년 이상 • Typesctipt 개발 경험  • 해당 분야 기술 소유자 및 유경험자,• 컴퓨터 분야 전공자 및 자격증 소지자 • 5년이상 경력자  문서작성 능력 우수자  • 프리젠테이션능력 우수자,1
109,1413,퍼블리싱 QA (모바일/PC),넷마블,- 넷마블에서 퍼블리싱하는 게임 서비스 품질 관리  . 프로젝트 품질 기준에 따른 QA  . 서비스 품질 위험 요소 도출 및 해소 활동  . QA 프로세스 개선,- QA 업무 수행 경력 4년 이상  또는 개발 경력 4년 이상이며 QA에 대한 관심 보유하신 분 - 모바일 게임 서비스 환경(플랫폼  네트워크 등)에 대해 이해하고 계신 분 - IT학과 전공 또는 동일한 수준의 지식을 보유하신 분,- QA자동화 및 시스템화 경험 보유자 - 모바일 앱 또는 게임 개발 경험 보유자 - CSTE  ISTQB  CSTS 등 QA 관련 자격 보유자,39
110,1414,모바일 로봇 개발 (SLAM/NAVIGATION),레인보우로보틱스,• SLAM/NAVIGATION/FMS 프로그램 개발 및 고도화 • 로봇 태스크 프로그램 개발 및 고도화 • 로봇 운영 및 테스트(서빙로봇  AMR 등)  • 로봇 사용 교육 및 업체 기술 지원 • 정부과제 수행 (오더피킹 로봇),• SW  로봇공학  로봇제어 관련 학과 석사 이상,• SLAM/Navigation/FMS 프로그램 직접 개발 이력 보유 • Web SW 개발 경험 보유,2
111,1415,모바일 게임 3D 애니메이터 (Unity/2년 이상),캐논크래커,• 캐주얼 모바일 게임의 캐릭터  몬스터  배경 오브젝트의 3D 모션 제작,• 유니티 엔진 게임 개발 경험이 있으신 분 • 프로젝트 초기부터 런칭까지의 경험이 있으신 분 • 타격감을 잘 살린 다양한 격투 액션 애니메이션 작업 경험이 있으신 분 • 긍정적이고 책임감 있는 마인드를 지니신 분 • 원활한 커뮤니케이션 스킬을 보유하신 분,• 다양한 아트 스타일의 모션 작업 능력을 보유하신 분,0
112,1416,모바일 퍼즐게임 Effector,퍼즐원스튜디오,• 게임별 특성과 기능에 적절한 이펙트를 적용하고 새로운 이펙트 리소스 개발,• 게임 이펙터 경력이 3년 이상 6년 미만이신 분 • 유니티 엔진사용이 능숙하신 분,• 블렌더 사용 가능하신 분 • 퍼즐 게임을 좋아하고 플레이 경험이 많으신 분 • 북미 아트풍에 대한 이해도가 있으신 분 • 게임 출시 경험이 있으신 분 • 아트의 영역을 구분짓지 않으며  적극적인 마인드를 가지신 분,0
113,1417,[신규 프로젝트L] 모바일 게임 이펙터,스마트스터디게임즈,• 글로벌 신규 프로젝트 L의 멋진 이펙트 제작 업무,• 관련 업무 경력 3년 이상 • Unity 엔진에서의 이펙트 제작 경험 • 카툰 스타일 이펙트가 포함된 포트폴리오 • 자율과 책임기반의 자기주도적인 분 • 원활한 의사소통과 협업을 중요하게 생각하시는 분,• 최초 개발 단계부터 런칭까지 경험자 • 이펙트 리드 경험,0
114,1418,모바일 MMORPG UI UX 디자이너,제트5,• 도트 그래픽의 모바일 MMORPG UI/UX 디자인 • 현재 오픈베타 중인 메타토이시티 프로젝트의 UI/UX 디자인,• RPG 게임 UI/UX 관련 경력 2년 이상을 갖추신 분 • RPG 게임 UI/UX 제작에 대한 역량을 갖추신 분 • 유니티 엔진에 대한 이해도가 높으신 분 • 같이 프로덕트를 만들고 함께 즐겁게 일할 수 있는 분,• 데이터 기반의 UX 설계 경험 있으신 분 • 모바일 게임 Live서비스 경험 있으신 분,0
115,1420,모바일 게임 3D 모델러 (2년 이상),캐논크래커,• 3D 캐릭터  몬스터  배경 모델링 제작 및 퀄리티 관리,• 전반적인 아트 리소스 제작 공정에 대한 이해도가 높으신 분 • 유니티 엔진 게임 개발 경험이 있으신 분 • 캐주얼한 손맵  반실사 스타일 모델링 경험이 있으신 분 • 긍정적이고 책임감 있는 마인드를 지니신 분 • 원활한 커뮤니케이션 스킬을 보유하신 분,• 다양한 아트 스타일의 모델링 작업 경험이 있으신 분(손맵  실사  반실사),1
116,1421,모바일 게임 사업PM (2년 이상),캐논크래커,• 인게임 콘텐츠 분석을 통한 서비스 인사이트 도출 • 유저 트래킹 및 지표 분석 • 신규 콘텐츠  시스템 기획 요구안 검토 및 개발 스펙 협의,• 원어민 수준의 영어 능력 • MS Office 활용 능력 • 긍정적이고 책임감 있는 마인드 • 원활한 커뮤니케이션 스킬,•모바일 게임 해외 런칭/서비스 경험,1
117,1422,모바일 퍼즐게임 원화 아티스트,퍼즐원스튜디오,- 모바일 퍼즐 게임 원화 리소스 제작 - 북미풍 아트 스타일 분석 및 연구,- 캐주얼 원화 경력이 3년 이상 10년 미만이신 분 - 게임 오브젝트 등의 게임프랍 제작 경험이 있으신 분 - 포토샵  일러스트레이터 등 그래픽 툴 사용에 능숙하신 분,- 퍼즐 게임을 좋아하고 플레이 경험이 많으신 분 - 북미 아트풍에 대한 이해도가 있으신 분 - 게임 출시 경험이 있으신 분 - 유니티 엔진을 사용하여 게임을 개발한 경험이 있으신 분 - 아트의 영역을 구분짓지 않으며  적극적인 마인드를 가지신 분,0
118,1423,웹/모바일 개발자(10년 이상),헤론헬스정보시스템,• 병원 웹/모바일 개발,• 초대졸이상 • 경력 10년이상 • Java  Spring 개발 유경험자 • Android  iOS app 개발 유경험자 • 고객 및 팀원간 협업 및 커뮤니케이션이 원활한 자,• IT관련 자격증 소지자 우대,0
119,1424,[신규 프로젝트L] 모바일 게임 3D 애니메이터,스마트스터디게임즈,• 신규 글로벌 프로젝트 L의 캐릭터 리깅  애니메이션 및 연출 전반,• 관련 업무 경력 3년 이상의 분 • 다양한 컨셉을 제시하고 새로운 시도를 추구하시는 분 • 3D 툴(3Dmax  Maya)의 리깅 이해도가 높은 분 • 자율과 책임기반의 자기 주도적인 분 • 원활한 의사소통과 협업을 중요하게 생각하시는 분,• 게임 개발 애니메이션 리드 경험 • 카툰스타일 캐릭터 작업 경험 • 유니티 엔진 사용 경험 • 프로젝트 완수 경험,1
120,1425,모바일 앱 운영 총괄 PO,마더케이,- 서비스 플랫폼 전략 및 로드맵 수립 - 프로젝트 Front/Back office 기획 및 운영 - UI/UX 설계/기획 등 고도화를 통한 고객경험 최적화 - 데이터 드리븐 (지표변화 추적관리) 를 통한 신규과제 도출 - 프로덕트 정책 수립 - QA 및 제품 릴리즈 - 신규서비스 개발 및 도입,- 경력 3년 이상 서비스의 Front/Back office PM / PO 경험자 - E-커머스나 그에 준하는 성격의 모바일 서비스 기획 경력을 지닌 분 - 고객 중심 사고  데이터 기반 의사결정에 익숙하신 분 - 개발 및 현업부서와의 원활한 협업/커뮤니케이션 능력을 갖춘 분 - 데이터 분석 툴(GA  Amplitude  BI 등) 적극적으로 활용가능한 분,- 서비스 초기 기획부터 참여하여 구축  운영  모니터링까지 참여한 경험이 있으신 분 - 고객의 요구사항을 구체화하고  해결방안을 제시하고  구현부터 출시까지 경험이 있으신 분 - Jira  Confluence  Slack  Figma 등의 업무 툴에 익숙한 분 - 스스로 문제를 발견하고  이를 구체화해 지표 또는 매출에 기여할 수 있는 프로젝트로 만들 수 있는 분,0
121,1426,모바일 로봇 제어 SW 개발자 (navigation),알지티,ㆍ지도에서 효율적이고 안전한 global path planning 알고리즘 개발 ㆍ복잡하고 역동적인 환경에서 작동할 수 있는 local path planning 알고리즘 개발  ＜전형절차＞ 서류검토 ＞ 1차면접 ＞ 임원면접 ＞ 최종합격 (절차는 변동될 수 있습니다.)   ＜유의사항＞ 허위사실이 발견될 경우 채용이 취소될 수 있습니다.,ㆍ관련 경력 3년이상 ㆍ실내 Navigation 분야 상용화 제품 개발 경력자(저널 논문도 가능) ㆍGlobal path algorithm 개발 경력자(A* 등등) ㆍLocal path planning 개발 경력자(DWA  RRT  등등) ㆍROS  C++  python 개발 능통 ㆍ탁월한 의사 소통 및 대인 관계 기술을 바탕으로 팀 중심 환경에서 작업할 수 있는 능력 ㆍ비즈니스 회화 능력 ㆍGit 경험자,ㆍNavigation 관련 분야 석사 혹은 박사 학위 소유자 ㆍISO13482 인증 경험자 우대 ㆍAMR or 자율주행로봇 (라인트레이서 제외)개발 경험자 ㆍROS2 가능자 ㆍ열정적인 모습으로 팀원들에게 동기 부여를 줄 수 있는 분,0
122,1427,모바일게임 애니메이터,알로하팩토리,알로하 팩토리의 아트팀은 무엇을 하나요?  알로하팩토리 모바일 캐주얼 게임의 모든 비주얼적인 부분을 담당합니다. 주로 북미풍 캐주얼 스타일의 아트를 제작하여 게임에 생명을 불어넣는 역할을 해요. 심플하면서도 유저에게 확실히 각인될 수 있는 스타일의 아트를 지향합니다. 언제나 활기찬 멤버들과 웃으며 일할 수 있는 아트팀과 함께 즐거운 게임을 만들어나가요!   아트팀의 애니메이터로 합류하시면 담당하실 업무를 알려드려요!  • 다양한 캐주얼 게임 내 리소스 제작 및 연출 • unity/max/spine을 이용한 각종 연출/애니메이팅 작업 • 3D/2D툴을 이용한 게임에 필요한 리소스 rigging 및 skinning 작업,이런 분과 함께 하고 싶어요!  • 업무 관련 툴 능숙하신분 (unity  3D max  spine 유사 애니툴 사용자 분 ) • 리깅 가능 하신 분,• 협업 및 커뮤니케이션 원활하신 분 • 카메라 연출 등 씬 구성 연출적 감각 있으신 분 • 3D 모델링과 유니티 엔진 이해도가 있으신 분 • 다양한 장르와 아트 작업을 하는 것에 있어 유연하게 대처 가능하신 분 • 캐주얼/미드코어 장르에 대한 이해도가 있으신 분 • 포트폴리오 필수 (본인 기여도  작업기간)  이력서  자기소개서,0
123,1428,모바일 퍼즐게임 UI/GUI Artist,퍼즐원스튜디오,ㆍ모바일 퍼즐 게임 UI 리소스 제작 ㆍ북미풍 아트 스타일 분석 및 연구,ㆍ게임 UI/GUI 제작 경력이 3년 이상 10년 미만이신 분 ㆍ포토샵  일러스트레이터 등 그래픽 툴 사용에 능숙하신 분,ㆍ퍼즐 게임을 좋아하고 플레이 경험이 많으신 분 ㆍ북미 아트풍에 대한 이해도가 있으신 분 ㆍ게임 출시 경험이 있으신 분 ㆍ유니티 엔진을 사용하여 게임을 개발한 경험이 있으신 분 ㆍ아트의 영역을 구분짓지 않으며  적극적인 마인드를 가지신 분,1
124,1429,모바일 광고 플랫폼의 B2B 마케터,오픈랩소디,• 고객 여정에 따른 마케팅 퍼널 기획 및 분석  • B2B 고객리드 확보를 위한 마케팅 업무 전반 • 블로그  뉴스레터 콘텐츠 생성 • 전시회/프로모션/세미나 등 이벤트 기획 및 운영 • 기타 제휴 마케팅 프로모션 기획 참여,• B2B 마케팅 경력 1년 이상  • 1차 면접에서 포트폴리오 필수 제출 (형식  분량 제한 없음),• 모바일 광고 시장에 대한 이해가 있으신 분,0
125,1430,모바일 앱 북미권 운영 담당자,코코네엠(coconeM),• 앱 내에 표시되는 아이템  이벤트의 데이터 등록 • 스프레드 시트를 이용하여 필요한 데이터 정리 • 확률  퀘스트 보상 등의 밸런싱 진행 • 고객에게 안내할 앱 내부/외부 공지 구성 및 작성 • CMS  마케팅 툴 등을 이용하여 앱 내의 공지 및 PUSH 등 등록 작업 진행 • 공지 문구 등을 작성하고  필요 시 디자인 파트에서 작업하는 공지 리소스 구성 • 개선 사항이나 캠페인 (이벤트) 등의 기획 및 진행 • 기능적인 개선 사항  SNS 캠페인 등을 기획하여 문서화 • 타 파트와 협업하여 기획 내용 스케줄링  진척 상황 체크  진행 및 오픈,• 신입이거나  5년 이하의 경력을 지니신 분 • 고객 대응 전반에 해당하는 영역에 대한 이해가 있으신 분 • 네이티브이거나  현지인 수준의 영어 커뮤니케이션이 가능하신 분 • 데이터를 바탕으로 개선 사항을 발굴해낼 수 있는 분 • 소셜 및 디지털 서비스에 대해 높은 이해도를 갖추고 있는 분 • 타 직군과의 협업을 위해 주도적으로 소통할 수 있는 분 • 새로운 도전에 의욕적으로 임하고  도전적인 업무를 희망하시는 분 • 데이터를 바탕으로 개선 사항을 발굴할 수 있는 분 • 더 나은 고객 응대를 위해 끊임 없이 고민하고 적극적으로 실행하시는 분,• 북미 거주 경험이 있는 분 • 서비스 운영  전략 기획에 경험이 있는 분 • 다양한 번역 경험이 있으신 분 • 트렌드 파악이 빠르고 다양한 장르의 콘텐츠를 즐기는 분 • 성장에 대한 마인드셋을 갖추신 분 • 능동적으로 문제를 해결하고자 하는 자세를 가진 분,0
