,cleaned_words,num
4,experience,2112
9,development,1274
10,person,1213
14,year,1024
15,experience,981
23,data,594
29,web,370
30,anyone,335
36,design,283
37,equivalent,278
38,skill,271
39,communication,262
40,work,259
41,service,258
42,service,247
45,api,226
46,people,220
48,knowledge,213
49,front-end,211
50,react,204
51,someone,195
52,operating,191
53,analysis,191
55,etc,184
56,backend,182
58,etc,172
64,management,161
66,communicate,159
67,/,156
70,capability,153
71,ability,152
72,spring,149
75,collaboration,140
76,problem,139
77,aws,139
80,team,137
81,operation,137
82,ability,136
83,business,134
84,code,133
85,python,132
87,framework,130
88,git,128
91,proficient,125
92,environment,124
93,deep,120
94,cs,119
96,use,113
100,understand,111
104,tool,107
105,rdbms,107
106,building,105
107,sql,105
108,html,103
109,processing,102
111,language,98
112,java,98
113,server,97
115,technology,95
116,back-end,94
119,product,92
121,restful,92
123,react,90
126,computer,88
128,year,84
131,technology,79
132,cloud,78
133,javascript,78
134,system,77
135,mobile,77
137,engineering,75
138,degree,75
139,relevant,74
140,project,74
141,experience,74
143,rest,73
146,node.js,71
147,javascript,71
148,smooth,70
149,colleague,70
150,solve,69
151,level,69
152,application,69
153,project,68
154,language,68
159,python,64
162,typescript,62
163,version,61
165,collaborate,61
167,framework,60
169,experience,60
171,want,58
172,environment,58
173,planning,57
174,performance,57
177,framework,56
179,enjoy,54
181,requirement,53
182,proficient,53
183,problem,53
184,job,53
185,solution,52
186,state,51
187,department,51
188,spa,51
189,system,50
190,member,50
191,learn,50
193,process,49
194,field,49
195,typescript,49
196,development,49
198,nosql,48
199,linux,48
200,understands,47
201,test,47
202,architecture,47
203,graduate,46
204,database,46
205,mysql,46
206,product,45
207,java,45
209,apis,45
212,library,44
213,growth,44
214,configuration,44
215,sql,44
219,database,43
220,application,43
221,app,43
222,analysis,43
223,db,43
224,cs,43
231,restful,41
233,skill,40
239,stack,39
243,responsive,38
245,platform,38
246,integration,38
247,game,38
249,build,38
250,ui/ux,38
251,education,38
252,+,38
253,need,37
256,excellent,37
257,create,37
258,ci/cd,37
259,boot,37
260,sense,36
262,define,36
266,responsibility,35
267,interest,35
270,problem-solving,34
271,infrastructure,34
272,design,34
273,control,34
275,aws,34
276,*,34
280,engineering,33
281,attitude,33
282,analyze,33
283,ui,33
284,person,33
285,next.js,33
286,data,33
288,source,32
289,group,32
292,developer,32
293,posse,32
295,visualization,31
297,people,31
298,information,31
299,grow,31
300,http,31
301,college,31
303,machine,30
305,vue,30
306,someone,30
307,django,30
310,value,29
311,structure,29
312,standard,29
313,software,29
314,result,29
315,mindset,29
316,insight,29
317,enjoys,29
318,development,29
321,rest,29
322,github,29
327,server,28
328,model,28
329,initiative,28
331,capability,28
333,think,27
335,perspective,27
337,optimization,27
340,amount,27
341,afraid,27
343,javascript,27
344,git,27
345,computer,27
346,year,26
347,write,26
348,opinion,26
352,vue,26
353,docker,26
357,passion,25
360,traffic,24
361,sufficient,24
362,structure,24
363,stakeholder,24
364,production,24
365,planning,24
370,individual,24
378,engineer,23
379,deployment,23
381,construction,23
383,appropriate,23
386,[,23
387,rdb,23
388,javascript,23
395,interview,22
396,implement,22
399,experience,22
400,efficient,22
401,developer,22
404,communicates,22
405,vue.js,22
406,typescript,22
407,react.js,22
408,r,22
409,jpa,22
411,angular,22
414,user,21
415,structure,21
417,feedback,21
419,company,21
420,background,21
421,apps,21
422,web,21
423,redux,21
424,please,21
425,kotlin,21
426,java,21
428,gcp,21
429,deep,21
433,skill,20
435,method,20
436,lead,20
438,io,20
439,handle,20
440,focus,20
442,environment,20
443,development,20
444,customer,20
449,typescript,20
450,node.js,20
451,html,20
452,real-time,19
453,process,19
454,intermediate,19
455,improvement,19
456,hypothesis,19
457,goal,19
459,customer,19
463,achieve,19
464,redux,19
465,j,19
468,google,19
469,flutter,19
470,android,19
471,api,19
476,testing,18
477,pursue,18
478,public,18
479,perform,18
481,implementation,18
483,field,18
484,failure,18
485,explain,18
486,difficulty,18
487,development/operation,18
488,designer,18
489,culture,18
493,a/b,18
495,trend,17
496,think,17
497,task,17
498,statistic,17
500,research,17
501,proactive,17
502,platform,17
507,experience,17
508,algorithm,17
509,work,17
510,vue.js,17
512,redis,17
513,redis,17
515,knowledge,17
517,backend,17
520,work,16
521,thought,16
523,submission,16
524,share,16
525,query,16
526,principle,16
528,leader,16
529,issue,16
530,industry,16
531,indicator,16
534,express,16
535,engine,16
536,ecosystem,16
537,domain,16
538,concept,16
541,algorithm,16
542,unity,16
544,postgresql,16
545,orm,16
547,korean,16
548,c,16
550,university,15
551,thing,15
552,test,15
553,service,15
557,relational,15
558,pipeline,15
559,monitoring,15
561,model,15
563,manage,15
564,javascript,15
569,career,15
571,advertising,15
572,spark,15
573,recoil,15
574,portfolio,15
575,php,15
576,mysql,15
577,html5,15
579,cloud,15
581,mysql,15
583,variety,14
584,unit,14
585,type,14
587,strategy,14
589,situation,14
590,simple,14
593,select,14
594,science,14
595,respond,14
596,quality,14
597,provide,14
598,operate,14
600,multiple,14
602,know,14
604,extract,14
605,expertise,14
609,challenge,14
610,automation,14
612,notion,14
613,mongodb,14
614,mariadb,14
616,boot,14
622,user,13
623,tool,13
624,],13
626,statistic,13
627,solution,13
628,result,13
629,resolve,13
630,program,13
631,proficiency,13
633,please,13
635,network,13
636,mind,13
637,marketing,13
638,etc,13
639,document,13
640,discover,13
643,designing,13
644,derive,13
645,cause,13
646,agile,13
648,slack,13
649,server,13
651,nosql,13
652,nest.js,13
653,jpa,13
654,collaboration,13
656,spring,13
657,aws,13
660,trust,12
662,skills-,12
663,set,12
664,review,12
665,review,12
666,resume,12
667,result,12
668,quick,12
669,quantitative,12
670,ownership,12
673,network,12
674,network,12
676,logic,12
677,javascript,12
681,diverse,12
683,developed,12
684,cycle,12
685,convey,12
689,boot,12
692,averse,12
695,accessibility,12
696,service,12
697,panda,12
698,oracle,12
699,oop,12
700,next.js,12
701,mongodb,12
702,msa,12
703,ml,12
704,linux/unix,12
705,jira,12
706,ec2,12
707,angular,12
709,ai,12
713,value,11
714,typescript,11
715,],11
718,search,11
720,reluctant,11
721,recruitment,11
722,present,11
723,portfolio,11
724,passionate,11
728,hypothesis,11
729,funnel,11
730,frontend,11
734,designer,11
736,content,11
738,cohort,11
739,change,11
740,challenge,11
742,bachelor,11
744,webpack,11
745,spring,11
746,s3,11
747,rds,11
748,nestjs,11
749,intermediate,11
750,flask,11
752,fastapi,11
753,es6,11
754,c,11
755,bachelor,11
756,azure,11
759,try,10
760,time,10
763,submit,10
764,style,10
765,stack ],10
767,sale,10
770,publishing,10
771,preprocessing,10
773,order,10
774,operation,10
777,markup,10
779,large-capacity,10
780,impact,10
781,flow,10
783,engineer,10
786,distribution,10
787,digital,10
788,desire,10
789,design/development,10
790,department,10
791,database,10
792,data,10
794,competency,10
796,client,10
797,building,10
798,blockchain,10
801,tensorflow,10
802,technology,10
803,saas,10
804,ssr,10
805,sql,10
806,rdbms,10
807,project,10
809,postgresql,10
810,mariadb,10
811,kotlin,10
812,jenkins,10
813,javascript,10
815,gcp,10
817,docker,10
818,collaborative,10
822,e.g,10
823,django,10
828,vision,9
830,tool,9
832,system,9
833,strive,9
834,strategy,9
835,stage,9
836,spirit,9
841,program,9
843,plan,9
845,pattern,9
846,paper,9
847,modeling,9
850,kind,9
851,improvement,9
852,image,9
854,game,9
855,experience-,9
862,definition,9
863,cross-browsing,9
864,contribute,9
872,[ technology,9
873,tableau,9
874,react.js,9
875,r,9
877,php,9
878,ml/dl,9
879,kubernetes,9
880,html5,9
881,graphql,9
883,github,9
884,excellent,9
885,etl,9
886,es6+,9
887,dbms,9
888,db,9
889,communication,9
890,c,9
891,boot,9
892,b2c,9
893,airflow,9
896,e.g.,9
897,python,9
898,mysql,9
901,web/app,8
902,verify,8
903,usage,8
906,technology,8
908,technique,8
909,support,8
910,startup,8
911,specification,8
912,server-side,8
913,role,8
914,query,8
915,qualification,8
916,propose,8
917,product,8
918,process,8
919,position,8
920,place,8
921,organization,8
922,occupation,8
923,mathematics,8
924,major,8
926,lead,8
930,include,8
931,implementation,8
932,guideline,8
933,function,8
935,front,8
936,feel,8
938,employment,8
939,efficiency,8
940,e-commerce,8
942,document,8
943,deeply,8
944,decision,8
945,decision-making,8
946,decision,8
949,core,8
950,container,8
952,confident,8
953,condition,8
954,competency,8
956,attach,8
961,action,8
962,ability,8
963,ux/ui,8
965,springboot,8
966,spark,8
967,smooth,8
968,sw,8
969,rdb,8
970,pytorch,8
971,pm,8
973,nodejs,8
974,mysql,8
977,javascript,8
978,java/spring,8
979,java,8
980,http,8
981,front-end,8
983,figma,8
984,fastapi,8
985,fe,8
986,design,8
987,core,8
988,code,8
989,css3,8
990,bi,8
991,b2b,8
996,react,8
997,html,8
998,aws,8
1003,way,7
1004,verification,7
1006,training,7
1008,strives,7
1010,standard,7
1012,situation,7
1016,respect,7
1017,respect,7
1018,release,7
1019,reflect,7
1020,recruiting,7
1021,raw,7
1022,position,7
1023,planner,7
1025,performance,7
1026,package,7
1031,meet,7
1032,market,7
1033,maintain,7
1034,launch,7
1035,language,7
1036,language,7
1037,knowledge,7
1038,jquery,7
1039,interpret,7
1040,insight,7
1041,improvement,7
1042,honest,7
1043,hesitation,7
1046,git,7
1047,framework,7
1051,experience,7
1054,etc,7
1055,environment ],7
1057,documentation,7
1059,discus,7
1061,developer,7
1062,design,7
1066,colleague,7
1067,collaborative,7
1068,cloud,7
1070,characteristic,7
1072,browser,7
1074,asset,7
1076,accessibility,7
1077,acceptance,7
1078,zustand,7
1079,ux,7
1082,springboot,7
1083,science,7
1084,scala,7
1085,s3,7
1086,requirement,7
1087,rdbms,7
1088,proficiency,7
1089,notion,7
1093,mvc,7
1094,jest,7
1095,html,7
1097,github,7
1098,django,7
1099,db,7
1100,confluence,7
1101,c++,7
1102,business,7
1104,bigquery,7
1106,airflow,7
1107,adobe,7
1113,willingness,6
1114,website,6
1115,web,6
1117,transfer,6
1120,technology,6
1121,technology,6
1122,team,6
1123,table,6
1125,store,6
1126,stack,6
1127,stack,6
1132,science,6
1133,root,6
1134,review,6
1136,requirement,6
1138,redux,6
1139,recommendation,6
1141,python,6
1145,position,6
1146,performs,6
1147,operation,6
1148,office,6
1149,node.js,6
1150,methodology,6
1151,member,6
1152,medium,6
1153,manager,6
1155,management,6
1156,look,6
1158,library,6
1159,level,6
1160,learning,6
1161,leadership,6
1162,language,6
1163,joy,6
1164,java,6
1170,his/her,6
1171,help,6
1173,grammar,6
1174,goal,6
1178,flutter,6
1180,field,6
1181,experiment,6
1182,experiment,6
1183,experience,6
1185,environment,6
1186,effort,6
1188,duty,6
1189,device,6
1190,development-,6
1191,developing,6
1192,detail,6
1193,deployment,6
1194,considers,6
1195,configure,6
1197,college,6
1198,collection,6
1199,collection,6
1200,colleague,6
1201,code,6
1202,client,6
1203,clean,6
1204,check,6
1205,careful,6
1206,bottleneck,6
1207,aversion,6
1208,automation,6
1210,automate,6
1211,attempt,6
1212,area,6
1213,architecture,6
1214,anyone,6
1215,analyzes,6
1216,analysis,6
1217,allows,6
1218,algorithm,6
1219,aim,6
1222,accounting,6
1224,[,6
1226,w3c,6
1227,use,6
1228,team,6
1229,sufficient,6
1230,storybook,6
1232,software,6
1233,skill,6
1234,security,6
1235,sc,6
1236,requirement,6
1239,query,6
1240,pytorch,6
1241,photoshop,6
1244,newcomer,6
1246,mobx,6
1248,kafka,6
1249,java/kotlin,6
1250,holder,6
1251,hadoop,6
1252,golang,6
1253,frontend,6
1254,framework,6
1255,excel,6
1256,es6,6
1257,document,6
1258,ci,6
1259,babel,6
1260,bi,6
1261,azure,6
1262,amplitude,6
1263,act,6
1266,>,6
1267,maria,6
1268,git,6
1273,writing,5
1274,work ],5
1279,vue.js,5
1280,visualize,5
1281,view,5
1282,utilization,5
1283,us,5
1284,travel,5
1285,tool,5
1288,thought,5
1291,team,5
1292,task,5
1293,system,5
1294,sympathizes,5
1295,suggest,5
1297,store,5
1298,storage,5
1300,series,5
1301,seek,5
1304,screen,5
1305,schema,5
1306,schedule,5
1307,sale,5
1310,response,5
1311,repetitive,5
1312,release,5
1316,question,5
1317,purpose,5
1319,pro,5
1320,project,5
1322,product,5
1323,process,5
1324,presentation,5
1326,play,5
1327,place,5
1328,pipeline,5
1329,pipeline,5
1330,perspective,5
1331,period,5
1332,partner,5
1335,operation,5
1336,offline,5
1337,network,5
1338,need,5
1340,mybatis,5
1342,month,5
1343,mission,5
1344,member,5
1345,mart,5
1347,look,5
1350,level,5
1351,legacy,5
1352,learning/deep,5
1354,key,5
1356,interaction,5
1357,intelligence,5
1359,indicator,5
1360,in-depth,5
1361,importance,5
1362,implement,5
1363,high-quality,5
1364,high-capacity,5
1366,graduate,5
1367,framework,5
1368,format,5
1369,field,5
1372,experience ],5
1373,etc.-,5
1374,etc,5
1375,establishment,5
1376,essence,5
1378,dislike,5
1379,difference,5
1381,design,5
1384,dashboard,5
1386,cross-platform,5
1387,criterion,5
1389,con,5
1392,communication,5
1393,command,5
1397,change,5
1398,causal,5
1401,capability,5
1403,cache,5
1404,built,5
1405,boot,5
1406,behavior,5
1407,batch,5
1408,background,5
1412,],5
1413,[ work,5
1414,[,5
1415,[ development,5
1416,webpack,5
1417,vue,5
1418,understand,5
1419,tailwind,5
1420,tableau,5
1421,tdd,5
1422,slack,5
1423,script,5
1424,scikit-learn,5
1425,seo,5
1426,relational,5
1428,reactjs,5
1429,react,5
1430,rpg,5
1431,posse,5
1432,person,5
1433,node.js,5
1435,network,5
1436,native,5
1437,mysql,5
1438,mybatis,5
1440,jquery,5
1441,jsp,5
1442,jpa,5
1443,in-depth,5
1447,hive,5
1448,html/css,5
1449,golang,5
1451,ga,5
1453,figma,5
1454,express.js,5
1455,express,5
1456,experience ],5
1458,engineering,5
1459,engineering,5
1461,es6+,5
1462,erd,5
1464,devops,5
1465,competency,5
1466,css3,5
1469,architecture,5
1470,angular,5
1471,android/ios,5
1474,.net,5
1476,-experience,5
1479,sql,5
1480,java,5
1481,git,5
1482,es6,5
1483,es6,5
1491,~,4
1492,work,4
1494,website,4
1496,web,4
1499,vision,4
1500,verification,4
1503,typescript,4
1504,type,4
1505,transparent,4
1508,tech,4
1510,team,4
1511,target,4
1513,success,4
1514,],4
1515,styled-components,4
1516,study,4
1517,strengthen,4
1518,step,4
1519,status,4
1520,standard,4
1521,staff,4
1522,sprint,4
1523,speak,4
1524,something,4
1526,share,4
1527,settlement,4
1528,service,4
1529,service,4
1531,script,4
1533,schedule,4
1534,right,4
1535,retention,4
1536,resume,4
1538,restriction,4
1539,resource,4
1540,requirement,4
1542,reporting,4
1544,relationship,4
1545,recoil,4
1546,receives,4
1548,read,4
1549,react-query,4
1551,query,4
1552,python,4
1553,protocol,4
1554,produce,4
1556,processing,4
1557,processing,4
1558,proceed,4
1561,preprocessors,4
1564,posse,4
1565,plan,4
1566,planner,4
1567,philosophy,4
1568,personnel,4
1569,person ],4
1572,pattern,4
1573,path,4
1574,partner,4
1575,part,4
1579,others,4
1580,optimization,4
1581,optimization,4
1583,operation,4
1584,on-chain,4
1585,occur,4
1587,number,4
1589,module,4
1590,model,4
1592,methodology,4
1593,member,4
1594,measure,4
1595,making,4
1597,log,4
1598,literacy,4
1601,like,4
1602,life,4
1603,license,4
1604,level,4
1605,level,4
1606,layer,4
1607,language,4
1608,language,4
1609,knowledge,4
1610,involves,4
1611,investment,4
1614,insight,4
1615,inefficiency,4
1619,hypothesis,4
1621,helpful,4
1622,hands-on,4
1623,growth,4
1626,goal,4
1629,future,4
1631,fun,4
1633,form,4
1634,flask,4
1635,first-party,4
1636,fintech,4
1637,field,4
1638,feel,4
1639,fast,4
1640,extraction,4
1641,experimental,4
1643,execution,4
1644,etc.,4
1647,engineer,4
1648,end,4
1650,duty/change,4
1652,discussion,4
1653,device,4
1655,description,4
1656,debt,4
1658,data/statistics/machine,4
1659,data,4
1660,dashboard,4
1661,customer,4
1662,customer,4
1664,cs,4
1665,creativity,4
1667,content,4
1668,construct,4
1669,consideration,4
1670,component,4
1673,company-wide,4
1674,company,4
1676,commerce,4
1677,collaboration/communication,4
1678,collaboration,4
1680,choose,4
1681,chatbot,4
1682,charge,4
1684,certification,4
1685,case,4
1686,capabilities-,4
1687,capability,4
1689,branch,4
1691,backend,4
1694,area,4
1695,approach,4
1696,applicant,4
1697,applicant,4
1698,analytics,4
1699,analyst,4
1702,activity,4
1705,accept,4
1706,websocket,4
1707,typescript,4
1709,twelve,4
1713,tensorflow,4
1714,tensorflow,4
1715,system,4
1716,swagger,4
1717,structure,4
1718,springboot,4
1719,springboot,4
1720,sas,4
1721,sc,4
1722,rust,4
1723,recoil,4
1724,rdbms/nosql,4
1725,qa,4
1726,pytorch,4
1727,pytorch,4
1728,programming,4
1729,power,4
1731,panda,4
1732,pm,4
1735,opencv,4
1737,office,4
1738,oop,4
1739,nuxt.js,4
1740,numpy,4
1741,numpy,4
1742,node,4
1743,nosql,4
1744,nextjs,4
1745,nest.js,4
1746,mobx,4
1747,micro,4
1748,master,4
1749,mariadb/mysql,4
1750,mariadb,4
1751,maria,4
1752,manager,4
1753,mac,4
1754,mvvm,4
1755,ms-sql,4
1757,laravel,4
1758,language,4
1759,language,4
1760,lab,4
1761,kafka,4
1762,jira,4
1763,jenkins,4
1764,jira,4
1766,interview,4
1767,interest,4
1768,intellij,4
1769,information,4
1771,high-level,4
1772,hibernate,4
1773,hadoop,4
1776,gender,4
1780,engineer,4
1781,elasticsearch,4
1782,ec,4
1783,ec,4
1784,e2e,4
1785,e-commerce,4
1786,document,4
1788,developer,4
1789,dart,4
1790,context,4
1791,ci/cd,4
1792,c/c++,4
1793,bitbucket,4
1794,backend,4
1795,azure,4
1796,aurora,4
1797,attitude,4
1798,apache,4
1799,android,4
1800,analytics,4
1801,agile,4
1804,action,4
1805,aws/gcp,4
1806,aws,4
1811,-python,4
1814,mobile,4
1815,back-end,4
1816,typescript,4
1817,tableau,4
1818,ssr,4
1819,restful,4
1820,object,4
1821,es6+,4
1822,ec2,4
1823,apache,4
1826,year,3
1827,work,3
1830,welcome,3
1832,webview,3
1836,verbal,3
1837,user,3
1839,try,3
1841,traffic,3
1843,tool,3
1844,time-series,3
1846,thinking,3
1847,theory,3
1848,test,3
1849,tendency,3
1850,technology,3
1851,technology,3
1853,tax,3
1856,suggestion,3
1857,subject,3
1858,study,3
1859,structure,3
1860,strength,3
1862,statistical/analysis,3
1864,stakeholder,3
1865,stage,3
1866,spring,3
1869,solution,3
1870,solution,3
1872,skillset,3
1873,skill,3
1878,service,3
1881,sector,3
1882,school,3
1883,sale,3
1886,review,3
1887,resume,3
1889,research,3
1890,request,3
1893,react,3
1894,react,3
1895,rds,3
1896,query,3
1897,qualitative,3
1898,put,3
1899,pursues,3
1900,publish,3
1901,prove,3
1904,project,3
1906,product,3
1907,productivity,3
1909,production-level,3
1911,produce,3
1912,procedure,3
1913,problem,3
1914,problem,3
1915,problem,3
1917,priority,3
1918,practice,3
1920,position ],3
1921,planning/design,3
1923,php,3
1924,phenomenon,3
1925,person,3
1926,persistence,3
1927,performance,3
1928,people,3
1929,pattern,3
1930,participation,3
1931,participates,3
1934,organization,3
1937,operation,3
1940,online,3
1941,obstacle,3
1942,nodejs,3
1945,need,3
1949,move,3
1950,motivation,3
1952,mobile/web,3
1953,method,3
1955,members-,3
1956,meet,3
1958,meaningful,3
1959,material,3
1961,mart,3
1962,markup,3
1963,marketing,3
1964,manner,3
1965,management,3
1966,management,3
1968,log,3
1970,load,3
1973,level,3
1974,lesson,3
1977,language,3
1979,keywords,3
1981,join,3
1982,javascript/typescript,3
1984,item,3
1986,intuition,3
1987,introduce,3
1990,insurance,3
1991,innovation,3
1992,infrastructure,3
1993,idea,3
1994,io,3
1996,hybrid,3
1997,html,3
1998,history,3
2000,higher-,3
2004,growth,3
2005,graphic,3
2006,governance,3
2008,game,3
2010,framework,3
2012,flutter,3
2013,fluent,3
2015,fill,3
2016,file,3
2019,failure,3
2020,experiencei,3
2022,exempt,3
2023,exception,3
2024,event,3
2025,etc,3
2026,environment,3
2028,employee,3
2029,element,3
2030,effort,3
2031,education,3
2032,edit,3
2033,e-government,3
2038,distribute,3
2042,difference,3
2043,diagnose,3
2044,developer,3
2045,developer,3
2050,design/implement/test,3
2051,deploying,3
2052,delivery,3
2053,deficit,3
2055,database,3
2058,curve,3
2061,cross-browsing,3
2063,credit,3
2064,coordinate,3
2065,cooperation,3
2066,conversation,3
2067,conversation,3
2068,consultation,3
2069,construction,3
2071,confidence,3
2072,conduct,3
2073,concept,3
2075,competency,3
2076,compensation,3
2077,company,3
2078,community,3
2079,communication,3
2081,command,3
2082,collect,3
2083,code,3
2084,cloud,3
2085,client,3
2086,channel,3
2090,business,3
2091,bundling,3
2092,build/test/deployment,3
2093,branching,3
2094,belief,3
2098,authentication,3
2100,arise,3
2101,architecture,3
2102,apply,3
2103,apply,3
2104,application,3
2105,app,3
2106,answer,3
2107,answer,3
2109,algorithm,3
2110,aim,3
2112,adaptability,3
2113,adapt,3
2115,achievement,3
2116,achievement,3
2117,abroad-,3
2118,request ],3
2119,year,3
2120,websocket,3
2121,web,3
2122,vue.js,3
2123,vue,3
2124,version,3
2127,typescript/javascript,3
2128,typescript/javascript,3
2129,typescript,3
2130,typeorm,3
2131,typeorm,3
2132,transaction,3
2134,tomcat,3
2135,tdd,3
2136,tcp/udp,3
2137,submission,3
2139,studio,3
2140,store,3
2141,statistic,3
2143,spark,3
2144,snowflake,3
2147,security,3
2148,scala,3
2149,svn,3
2152,si,3
2153,s3,3
2154,rust,3
2155,retention,3
2158,reference,3
2159,recruitment,3
2161,reactjs,3
2163,react-query,3
2164,query,3
2165,qualification,3
2166,python,3
2167,python,3
2168,protection,3
2170,product,3
2171,proactive,3
2173,preference,3
2174,postman,3
2175,postgresql,3
2176,page,3
2177,pc,3
2179,orms,3
2180,nuxt.js,3
2181,nextjs,3
2184,mybatis,3
2185,mysql,3
2186,model,3
2187,mobile,3
2188,mindset,3
2189,microsoft,3
2190,matplotlib,3
2192,markup,3
2194,machine,3
2195,mysql,3
2196,mssql,3
2197,mssql,3
2199,life,3
2200,level,3
2202,kotlin/java,3
2203,kera,3
2205,javascript/typescript,3
2207,java,3
2208,jquery,3
2209,jira,3
2211,infrastructure,3
2213,hook,3
2215,grafana,3
2216,gradle,3
2217,gitlab,3
2219,gitlab,3
2220,github,3
2221,git/github,3
2222,git,3
2224,git-,3
2225,full-time,3
2226,frontend,3
2227,front,3
2228,freshman,3
2229,framework,3
2230,framework,3
2231,flutter,3
2232,flow,3
2233,flask,3
2234,expertise,3
2235,executive,3
2236,excel,3
2237,enrise,3
2239,education,3
2240,esg,3
2241,es5,3
2242,domain,3
2243,department,3
2244,database,3
2245,dbms,3
2246,db,3
2247,db,3
2248,configuration,3
2249,component,3
2250,competency,3
2251,cohort,3
2253,codepush,3
2254,code,3
2255,cloudwatch,3
2256,cloud,3
2257,class,3
2258,ci/cd,3
2259,cd,3
2260,c/c++,3
2261,c++,3
2264,babel,3
2265,associate,3
2266,architecture,3
2267,application,3
2268,app,3
2269,algorithm,3
2271,asp.net,3
2272,apis,3
2273,api-,3
2280,-people,3
2281,* *,3
2282,skill,3
2283,reading,3
2285,express,3
2286,design,3
2287,data,3
2288,computer,3
2289,assistant,3
2290,seo,3
2291,redux,3
2292,python,3
2293,python,3
2294,next.js,3
2295,mysql/mssql,3
2296,git,3
2297,excel,3
2298,es5,3
2299,db,3
2300,ci/cd,3
2301,android,3
2321,python,2
2322,java,2
2323,e.g,2
2324,zustand,2
2325,year,2
2326,year-,2
2329,writes,2
2330,world,2
2331,workspace,2
2332,work,2
2333,work,2
2338,websockets,2
2339,websocket,2
2340,web/mobile,2
2341,warehouse,2
2342,vuejs,2
2344,volume,2
2345,visualization,2
2346,vision,2
2347,view,2
2348,view,2
2349,video,2
2350,version,2
2352,verifying,2
2353,utilization,2
2355,user,2
2356,user,2
2358,use,2
2360,usability,2
2364,update,2
2368,unit,2
2369,understanding,2
2370,understanding,2
2371,understand,2
2372,undergraduate,2
2374,type,2
2375,tune,2
2376,troubleshooting,2
2377,trouble,2
2379,trend,2
2380,trend,2
2381,tree,2
2382,transformer,2
2383,transcript,2
2385,topic,2
2387,time,2
2388,time,2
2390,thing,2
2391,thing,2
2395,text,2
2396,test,2
2397,test,2
2398,test,2
2399,terminal,2
2400,template,2
2401,tell,2
2404,technology-,2
2406,teamwork,2
2408,team,2
2410,team,2
2412,talent,2
2413,tailwindcss,2
2414,tailwind,2
2416,system,2
2417,system,2
2418,sure,2
2420,suit,2
2425,subject,2
2428,studio,2
2434,storybook,2
2435,stop,2
2436,stock,2
2439,station,2
2440,startup,2
2441,start,2
2442,standardization/modularization,2
2443,stack,2
2447,solves,2
2450,society,2
2451,soccer,2
2452,smart,2
2453,skills.-,2
2454,skill,2
2457,situation,2
2458,situation,2
2460,shopping,2
2461,shell,2
2462,sharing,2
2463,setting,2
2464,set,2
2465,set,2
2467,service,2
2468,service-,2
2469,server-client,2
2470,server,2
2473,sensor,2
2475,sense,2
2476,self-training,2
2477,self-monitoring,2
2478,self-introduction,2
2479,self-introduction,2
2480,selects,2
2483,security,2
2484,security,2
2485,secure,2
2486,section,2
2488,search,2
2489,script,2
2491,scientist,2
2495,schema,2
2496,salary,2
2497,salary,2
2498,s3,2
2500,roles/responsibilities/cooperation,2
2501,role,2
2502,roadmap,2
2503,review,2
2505,retention,2
2506,resume ],2
2508,result,2
2509,restful,2
2510,responsive,2
2511,responsibility-,2
2512,responsibility,2
2513,response,2
2514,resource,2
2518,required-,2
2519,request,2
2520,report,2
2521,report,2
2522,remote,2
2523,relieve,2
2524,relation,2
2525,regulation,2
2526,regression,2
2527,registration,2
2529,reference,2
2530,redux,2
2531,recruiter,2
2532,recovery,2
2536,recommendation/predictive,2
2537,recommendation,2
2539,receive,2
2542,read,2
2543,react.js,2
2544,react-query,2
2547,rate,2
2549,question,2
2550,question,2
2551,question,2
2553,quantity,2
2554,quantitative/qualitative,2
2555,qualification,2
2556,puzzle,2
2558,purification,2
2560,proud,2
2561,protocol,2
2562,protocol,2
2563,proposal,2
2564,promotes,2
2570,product/business,2
2572,processing-,2
2573,process,2
2574,procedure,2
2575,problems-,2
2576,problem,2
2577,priority,2
2578,priority,2
2579,pride,2
2581,presentation,2
2583,prepares,2
2584,prefers,2
2585,prefer,2
2586,practice,2
2587,practical/leader,2
2588,posse,2
2591,position,2
2593,portfolio,2
2594,policy,2
2595,point,2
2596,point,2
2597,pm2,2
2598,plus,2
2599,player,2
2600,platform,2
2602,planning/designer/operations,2
2603,planning/design/operations,2
2604,planning/design/development,2
2605,plain,2
2606,pipeline,2
2607,pick,2
2608,philosophy,2
2611,perspective,2
2612,personnel,2
2614,person,2
2616,period,2
2617,people,2
2618,payment,2
2619,passing,2
2621,pas,2
2622,part,2
2625,paradigm,2
2626,pair,2
2627,painting,2
2628,page,2
2629,page,2
2630,owner,2
2631,own-,2
2636,organization,2
2637,orchestration,2
2638,oracle,2
2639,opportunity,2
2640,opinion,2
2641,operation/development,2
2643,operation,2
2646,office,2
2649,obsession,2
2650,object,2
2653,notion,2
2655,note,2
2658,non-data,2
2659,nodejs,2
2661,next.js,2
2664,networking,2
2665,negotiation,2
2666,native,2
2670,modify,2
2672,modeling,2
2673,model,2
2674,mobx,2
2675,mobx,2
2676,mobile,2
2677,mistake,2
2678,mission,2
2679,mining,2
2680,mindset,2
2681,methods/data,2
2682,message,2
2686,meaning,2
2688,mathematics,2
2690,map,2
2691,map,2
2692,manufacturing,2
2693,manner,2
2694,manner,2
2695,manipulation,2
2696,manager,2
2697,manager,2
2698,mall,2
2699,maintenance,2
2700,maintenance,2
2701,mainnets,2
2703,macroscopic,2
2704,love,2
2705,love,2
2706,location,2
2707,loading,2
2709,link,2
2710,line,2
2711,linear,2
2712,line,2
2713,library,2
2714,level,2
2716,learning,2
2717,learning,2
2718,lawyer,2
2719,launching,2
2721,languages/packages,2
2722,language,2
2723,lake,2
2725,knowledge,2
2726,keen,2
2727,k8s,2
2728,junior,2
2729,json,2
2730,jquery,2
2732,jquery,2
2735,item,2
2736,issue,2
2737,irrelevant,2
2738,irrelevant,2
2743,internet,2
2744,interconnection,2
2745,intent,2
2746,integration,2
2747,integration/development,2
2748,integration,2
2749,insight,2
2750,infrastructure,2
2751,inference,2
2752,inference,2
2753,indicator,2
2754,indicate,2
2755,index,2
2756,in-house,2
2757,improvement,2
2761,identify,2
2762,io,2
2764,http,2
2765,html5,2
2766,hour,2
2767,horizontal,2
2768,hope,2
2769,hole,2
2771,holder,2
2772,hold,2
2773,hobby,2
2774,hire,2
2776,high-volume,2
2777,high-performance,2
2778,high-level,2
2779,high-availability,2
2780,hesitant,2
2781,help,2
2783,header,2
2786,handle,2
2788,guide,2
2789,guidance,2
2790,group,2
2791,grit,2
2792,greedy,2
2793,graphql,2
2794,grammar,2
2795,governance,2
2796,golang,2
2797,goals-,2
2798,goal,2
2800,github,2
2801,github,2
2802,git,2
2804,genre,2
2805,gender,2
2806,game,2
2808,gain,2
2811,function,2
2812,function,2
2813,fun,2
2815,full-stack,2
2816,frontend-frameworks,2
2817,framework,2
2818,frameworks-,2
2819,framework,2
2821,frame,2
2826,focus,2
2827,floor,2
2828,flexibility,2
2829,flexibility,2
2831,first-hand,2
2832,first-come,2
2833,filter,2
2834,figma,2
2835,field-,2
2836,feature,2
2837,fast-growing,2
2838,failures-,2
2839,extraction,2
2840,extent,2
2841,explore,2
2842,explanation,2
2843,experimentation,2
2845,experience.-,2
2849,expand,2
2851,exception,2
2852,evaluation,2
2853,etc,2
2854,equivalent,2
2855,environments-,2
2856,environment,2
2857,environment,2
2860,engineer,2
2861,engine,2
2862,endless,2
2863,end-to-end,2
2864,encounter,2
2867,empathizes,2
2868,ejs,2
2869,effect,2
2870,edtech,2
2871,easy-to-maintain,2
2874,duty/new,2
2875,duty,2
2876,drive,2
2877,domain,2
2878,domain,2
2879,document,2
2881,docker,2
2882,django,2
2883,dive,2
2884,distribution,2
2885,disqualification,2
2886,disposition,2
2891,discipline,2
2892,disability,2
2894,direction,2
2896,digital/online,2
2897,dig,2
2899,developmentqualifications,2
2903,developer,2
2905,determine,2
2906,detection,2
2907,detail,2
2908,detail,2
2909,desktop,2
2911,designer,2
2912,designer,2
2914,design/implementation/operation,2
2915,design/framework,2
2916,design/development/performance,2
2917,design/develop,2
2918,design/construction,2
2919,design/construction,2
2921,design-,2
2922,descriptive,2
2924,derivation,2
2926,departments-,2
2927,department,2
2929,degree,2
2930,degree,2
2931,definition,2
2932,deficit,2
2933,decision-making,2
2936,day,2
2937,data-,2
2939,curiosity,2
2940,curiosity,2
2941,cs jquery,2
2942,cs,2
2944,cross-browser,2
2945,cross,2
2947,crew,2
2948,creation,2
2949,creates,2
2951,course,2
2952,courage,2
2953,conversion,2
2954,conversion,2
2956,continue,2
2957,container,2
2958,containerization,2
2959,contact,2
2961,consultation,2
2964,conclusion,2
2966,component,2
2968,complexity,2
2969,compiler,2
2970,competency,2
2971,compatibility,2
2972,company,2
2973,communication-,2
2975,commercialization,2
2977,command,2
2978,collection/analysis/data,2
2982,colleague,2
2983,collaboration,2
2984,collaborates,2
2985,collaborate,2
2989,clustering,2
2990,clustering,2
2992,cloudfront,2
2994,classification,2
2995,church,2
2996,choice,2
2997,character,2
2998,certificate,2
2999,cause,2
3000,carry,2
3001,capability,2
3002,candidate,2
3004,camp,2
3005,call,2
3006,c,2
3007,c++,2
3009,bundlers,2
3010,building/operating,2
3011,build,2
3012,briefly,2
3013,brand,2
3014,box,2
3015,board,2
3016,blog,2
3017,blockchain,2
3018,bitbucket,2
3019,birth,2
3022,become,2
3024,beautiful,2
3025,beautiful,2
3026,basis,2
3027,banking,2
3028,backup,2
3030,background,2
3031,backend,2
3033,axios,2
3034,award,2
3035,avoid,2
3038,autonomy,2
3041,automation,2
3043,attend,2
3044,attachment,2
3045,assignment,2
3046,asserts,2
3047,area,2
3048,architecture/api,2
3049,architecture,2
3051,applies,2
3053,applicant,2
3055,animation,2
3056,analyzing,2
3057,analyze,2
3060,analysis/response-,2
3061,analysis/design/construction,2
3063,analysis-,2
3067,agriculture,2
3068,agent,2
3069,age,2
3070,affection,2
3071,affair,2
3072,advertisement,2
3073,advertisement,2
3074,administration,2
3075,adjust,2
3076,addition,2
3077,action,2
3078,acquires,2
3079,accurate,2
3080,accessibility,2
3081,accessibility,2
3085,],2
3086,[ ],2
3087,qualification,2
3088,note ],2
3089,experience ],2
3090,[ document,2
3092,[ assignment,2
3094,zeplin,2
3095,yongsan-gu,2
3096,yarn,2
3097,xshell,2
3098,xamarin.form/xaml,2
3100,write,2
3101,workplace,2
3102,winmerge,2
3103,willingness,2
3105,webstorm,2
3106,wadiz,2
3107,wpf/xaml,2
3109,vuex,2
3110,vite,2
3114,vanillajs,2
3115,vcs,2
3116,user,2
3118,university,2
3119,uwp/xaml,2
3121,url,2
3122,ui/ux,2
3123,ui/ux,2
3124,ui,2
3125,typescript,2
3126,tool,2
3130,tensorflow,2
3132,tag,2
3133,tx,2
3134,swift,2
3135,swift,2
3136,svelt,2
3137,superset,2
3138,submit,2
3139,styling,2
3140,studio,2
3141,student,2
3142,storybook,2
3144,statistic,2
3145,state,2
3146,stack,2
3148,slogup,2
3149,slog,2
3150,skill,2
3152,side,2
3153,shell,2
3154,sheet,2
3155,service,2
3156,seoul,2
3159,self-introduction,2
3160,search,2
3161,scrum,2
3162,scrum,2
3163,scientist,2
3164,science,2
3166,sale,2
3167,swr,2
3168,svn,2
3169,stl,2
3170,ssr,2
3171,sre,2
3172,sqs,2
3173,spa/csr/ssr,2
3174,spa,2
3176,seo,2
3177,sdlc,2
3178,route53,2
3179,resume,2
3180,restapi,2
3181,requirement,2
3182,render,2
3183,redux,2
3184,redash,2
3185,redash,2
3187,reactjs,2
3189,react-query,2
3190,react-,2
3191,rank,2
3192,rail,2
3193,rail,2
3194,rest-api,2
3195,rest,2
3196,rdms,2
3197,rdmbs,2
3199,rdb/redis,2
3200,querydsl,2
3201,qlue,2
3202,qa,2
3204,pytorch,2
3205,pycharm,2
3206,pvp,2
3207,proper,2
3208,prometheus,2
3209,programming,2
3210,procedure,2
3214,postgresql,2
3215,postgresql,2
3216,pipeline,2
3217,photoshop,2
3218,passion,2
3219,panda,2
3220,pair/mob,2
3221,pwa,2
3222,ppt,2
3223,po,2
3224,po,2
3225,pm/po,2
3226,pm/pl,2
3227,pl,2
3228,phpstorm,2
3229,pg,2
3230,oracle,2
3231,opsnow,2
3234,orm,2
3237,oauth2,2
3239,nosql,2
3240,nginx,2
3241,nextjs,2
3242,nextjs,2
3243,next.js,2
3246,mybatis,2
3247,mybatis,2
3248,mono,2
3249,monitoring,2
3250,mongodb,2
3251,minimum,2
3252,metasleuth,2
3253,messari,2
3254,meet,2
3255,medis,2
3256,matlab,2
3257,manpower,2
3258,manager,2
3259,mall,2
3260,mvvm,2
3261,mvp,2
3262,mvc/blazor,2
3263,mvc,2
3264,mr,2
3265,mmorpg/e-commerce,2
3266,ml,2
3267,mfc/c++/c,2
3268,maui,2
3269,look,2
3271,log,2
3272,linux,2
3273,library,2
3274,lead,2
3276,laravel,2
3277,lambda,2
3279,kotlin,2
3280,kotlin,2
3282,key,2
3283,kafka,2
3284,jquery,2
3285,jenkis,2
3287,javascript,2
3288,java/springboot,2
3289,java/kotlin/spring/jpa,2
3290,jwt,2
3292,jsp,2
3293,j,2
3296,itaewon-ro,2
3298,intellij,2
3299,infrastructure,2
3300,index,2
3302,illustrator,2
3303,io,2
3304,idea,2
3305,idea,2
3306,ide,2
3307,http,2
3308,hook,2
3310,holder,2
3311,hibernate,2
3312,heidisql,2
3314,html5/css/javascript,2
3316,html,2
3318,github-,2
3319,gitlab,2
3320,git,2
3321,git/jira/confluence,2
3322,git/github,2
3323,getx,2
3324,gateway,2
3325,ga,2
3326,funnel,2
3327,front-end,2
3328,front,2
3329,framework,2
3330,flux,2
3332,flutter-,2
3333,flutter,2
3334,fluent,2
3336,flow,2
3337,flask,2
3338,firebase,2
3339,fairness,2
3340,facebook,2
3342,experience/education,2
3344,examination,2
3346,environment,2
3347,entry,2
3348,engineer,2
3349,employment,2
3350,emotion,2
3351,emotion,2
3353,ecosystem,2
3355,es2017,2
3356,e,2
3357,elk,2
3358,elb,2
3359,eks,2
3361,ec2,2
3362,dynamodb,2
3363,douzone,2
3364,dome,2
3367,desk,2
3370,department,2
3372,date,2
3373,datarise,2
3374,datadog,2
3375,databricks,2
3376,data,2
3377,drf,2
3378,dom,2
3379,ddd,2
3380,db/sql,2
3381,da,2
3383,culture-fit,2
3384,control,2
3386,communication,2
3387,communication,2
3389,commission,2
3391,cohort,2
3392,codecommit,2
3393,cloudfront,2
3394,cloud,2
3395,client,2
3396,clean,2
3397,classification,2
3398,circleci,2
3399,christian,2
3400,check,2
3401,chainalysis,2
3402,center,2
3403,celery,2
3405,cafe,2
3406,cache,2
3407,cache,2
3409,cs,2
3410,cpp,2
3411,cnn,2
3412,cm,2
3414,building,2
3415,build,2
3417,bootstrap-vue,2
3418,booster,2
3419,blog,2
3420,block,2
3421,bitbucket,2
3422,bitbucket,2
3423,binding,2
3424,batch,2
3425,balan,2
3426,baemin,2
3428,bpo,2
3429,bm,2
3431,b2c,2
3432,asana,2
3434,application,2
3435,applicant,2
3436,ant,2
3437,anomaly,2
3439,analytics,2
3440,analytics,2
3441,analysis,2
3442,analysis,2
3443,ajax,2
3444,agile,2
3445,act,2
3446,azure,2
3447,asp.net,2
3449,api,2
3451,api,2
3452,amd,2
3454,ai,2
3455,aarrr,2
3456,aarrr,2
3457,a-z,2
3469,%,2
3480,-typescript,2
3482,-tensorflow,2
3483,-deep,2
3484,-ability,2
3485,-a,2
3488,work,2
3490,typescript,2
3493,team,2
3494,statistic,2
3495,spring,2
3499,regression,2
3501,posse,2
3502,planning,2
3504,object,2
3506,network,2
3507,mysql,2
3508,module,2
3509,markup,2
3510,manager,2
3514,experience,2
3515,environment,2
3516,ec2,2
3518,code,2
3521,architecture,2
3522,algorithm,2
3523,age,2
3525,vuejs,2
3526,typescript,2
3527,tableau,2
3528,superset,2
3529,spring-boot,2
3530,software,2
3532,sql,2
3533,redis,2
3534,rest,2
3535,rdbms,2
3536,prediction,2
3538,panda,2
3539,pdf,2
3540,on-site,2
3541,oop,2
3542,node.js,2
3543,node.js,2
3545,mysql,2
3546,mysql,2
3547,microservice,2
3548,maven,2
3549,llm,2
3550,kafka,2
3551,junior,2
3552,jira,2
3553,java/spring/jpa,2
3554,java/kotlin,2
3555,java/kotlin,2
3556,jpa,2
3557,hibernate,2
3558,hadoop,2
3559,hackerrank,2
3560,google,2
3561,gcp,2
3562,ex,2
3563,es6+,2
3564,dune,2
3565,django,2
3566,data,2
3567,bigquery,2
3568,angular,2
3569,android,2
3578,.net,2
3579,attitude,2
3673,e.g,1
3674,sql/hql,1
3675,sql,1
3676,python,1
3677,html,1
3678,c/c++,1
3679,zustand,1
3680,zero,1
3683,year,1
3684,years-,1
3685,year,1
3686,year,1
3687,year,1
3688,year,1
3689,year-end,1
3690,year,1
3691,yarn,1
3692,yarn,1
3693,xml,1
3697,[,1
3698,writing.-,1
3699,*,1
3700,world-class,1
3704,workspace,1
3705,workflow,1
3706,worker,1
3707,workin,1
3708,work,1
3711,work.-,1
3712,work-,1
3713,work ],1
3714,work *,1
3715,word,1
3716,word,1
3717,word,1
3718,wonder,1
3719,with.-,1
3721,wish,1
3722,wireframes,1
3729,well-,1
3730,welcome,1
3731,welcome,1
3732,week,1
3733,week,1
3735,[,1
3736,webrtc,1
3737,webpack,1
3738,weblog,1
3739,web [,1
3740,web/web,1
3742,web/mobile,1
3743,web/front-end,1
3744,web/backend,1
3745,web/apps,1
3747,web/api,1
3748,web-,1
3749,weakness,1
3751,way,1
3752,way,1
3753,way-,1
3754,warehousing,1
3755,warehouse,1
3757,want,1
3758,vuex,1
3759,vuex,1
3760,vue3,1
3761,vue3,1
3762,vue.js,1
3763,vue.js,1
3764,vue,1
3765,vscode,1
3766,v,1
3767,voucher,1
3769,voluntarily/together,1
3770,voice,1
3771,vite,1
3774,visualization,1
3776,visa,1
3777,view,1
3780,verification,1
3782,verbal,1
3783,vanilla/typescript,1
3784,vanilla,1
3786,value,1
3788,validation,1
3789,utilizes,1
3791,utilization,1
3794,user,1
3795,users/consumers,1
3796,user,1
3798,],1
3801,use ],1
3802,usability,1
3810,university,1
3811,unity,1
3812,unit/e2e,1
3815,understood,1
3816,understandingcode,1
3817,understanding,1
3818,understand,1
3819,understand,1
3823,uncertainty,1
3825,typescript,1
3826,typed,1
3830,tuning,1
3831,tuning,1
3833,troubleshooting.-,1
3834,trip,1
3835,trip,1
3836,trip,1
3837,trend,1
3838,trend,1
3839,tree,1
3840,tree,1
3841,treatment,1
3842,treatment,1
3846,transition,1
3848,transfer/store,1
3849,transfer,1
3850,transaction,1
3851,transaction,1
3852,transaction,1
3854,traffic/data,1
3856,trading,1
3857,trace,1
3859,top,1
3860,tools/knowledge,1
3861,tool,1
3862,toolkit,1
3863,tool,1
3864,tolerate,1
3865,time,1
3866,time,1
3867,time,1
3868,throughput,1
3870,threat,1
3872,thorough,1
3874,thirsty,1
3875,third-party,1
3877,thinking1,1
3878,thinking,1
3879,thinker,1
3880,thing,1
3882,thesis/research,1
3883,theory,1
3890,testing,1
3891,testing-,1
3893,term,1
3894,tension,1
3895,tendency,1
3896,tenacity,1
3899,technology ],1
3900,technology,1
3901,technology/knowledge,1
3902,technology/business,1
3905,technologies1,1
3906,technologies/tools,1
3907,technologies/protocols,1
3908,technology,1
3910,technique,1
3911,teamwork,1
3912,teams/job,1
3913,team,1
3914,team [,1
3915,team qualification,1
3917,taxi,1
3918,taste,1
3921,task,1
3922,task,1
3923,task,1
3924,task,1
3925,task-solving,1
3929,tags-,1
3931,tabular,1
3932,tablet,1
3934,table,1
3935,tab,1
3940,system,1
3944,system,1
3945,system/software,1
3946,system/service,1
3949,synergy,1
3950,synergy,1
3951,switch,1
3952,swagger,1
3953,support,1
3954,supporter,1
3955,superset,1
3958,suit,1
3959,suggests,1
3962,subsequent,1
3963,subnets,1
3966,submit ],1
3967,submission,1
3968,style,1
3969,styled-components,1
3970,styled-component-,1
3972,study,1
3973,student,1
3974,stuck,1
3977,structure-,1
3978,structure,1
3979,structure,1
3981,stressed1,1
3982,strength,1
3984,stream,1
3986,strategy,1
3987,strategy,1
3988,strategy,1
3990,stranger,1
3992,storyboards,1
3993,store,1
3994,stomp,1
3996,step-by-step,1
3997,step,1
3999,stayed,1
4000,stay,1
4002,statistic,1
4005,statement,1
4009,startup.-,1
4010,startup,1
4013,standard competency,1
4014,standard,1
4015,stance,1
4016,stakeholders/job,1
4020,stack,1
4021,stack ],1
4022,stack,1
4023,stack/tool ],1
4024,stack,1
4026,stability,1
4027,stability,1
4028,squad,1
4029,sql,1
4030,sql,1
4031,sprint,1
4032,sprint,1
4033,springboot,1
4034,spread,1
4036,splitting,1
4038,spine,1
4039,speed,1
4040,speech,1
4043,specificity,1
4045,specification,1
4046,specialty,1
4047,speaking,1
4049,speaker,1
4050,spare,1
4052,source,1
4053,source,1
4055,sorry,1
4058,solving,1
4059,solution,1
4062,socket,1
4063,socket,1
4064,socket,1
4073,skill,1
4074,skill qualification,1
4075,skill,1
4076,skill experience,1
4077,skillswe,1
4079,skillsi,1
4080,skillseducation,1
4082,skills-more,1
4083,skill,1
4085,size,1
4087,situation,1
4088,situation.-,1
4089,single-page,1
4091,sincerity,1
4094,simple,1
4098,signature,1
4099,sign,1
4100,side,1
4101,shut,1
4102,show,1
4112,setup,1
4115,],1
4117,service,1
4118,service,1
4119,service,1
4120,services/systems,1
4121,services/products-,1
4122,services/products,1
4123,services/features,1
4124,services/applications,1
4125,service education ],1
4126,service/product,1
4127,service/development,1
4128,service/business,1
4132,server,1
4133,server,1
4134,serverless,1
4136,serve,1
4145,self-service,1
4146,self-register,1
4149,self-introduction,1
4151,selection,1
4152,selection,1
4153,segmentation,1
4154,see,1
4157,secure,1
4158,sector,1
4159,seaborn,1
4161,script,1
4162,script,1
4163,scratch,1
4165,scientist,1
4166,science,1
4168,school/academy,1
4169,schema,1
4170,schedule,1
4171,scenario,1
4172,scaling,1
4173,scale,1
4174,scalability/reliability,1
4175,scalability,1
4176,scalability,1
4177,scalability,1
4178,scala,1
4180,satisfies,1
4182,satisfaction,1
4183,sample,1
4184,sales/distribution/settlement,1
4186,salary,1
4187,saga,1
4188,rust,1
4190,rule,1
4192,round,1
4193,role,1
4194,role,1
4195,robotics,1
4196,robot,1
4197,ritual,1
4201,reviewsat,1
4202,reviews-,1
4203,review,1
4204,review/collaboration,1
4205,review,1
4206,reverse,1
4207,reveals,1
4210,retrospective,1
4211,retain,1
4213,result,1
4214,resultschannel,1
4215,results1,1
4216,results.o2,1
4219,responsive,1
4221,responsibly-,1
4222,responsible.-,1
4224,responsibility [,1
4225,responsibility [,1
4226,responsibility qualification,1
4227,responsibility,1
4228,responsibility,1
4229,responsibility,1
4232,responds,1
4234,respect,1
4235,resonate,1
4237,resolve,1
4238,resident,1
4240,research,1
4241,research/development,1
4244,requirements.o,1
4245,requirement,1
4246,requirement,1
4248,[,1
4253,required.who,1
4254,required.1,1
4255,required.-,1
4258,require,1
4260,representative,1
4261,repository,1
4262,report,1
4263,reporting,1
4264,repayment,1
4265,repayment,1
4266,rendering,1
4270,remote,1
4271,remittance,1
4272,remain,1
4275,reliability.skills,1
4280,registry,1
4281,register,1
4283,regard,1
4287,reference,1
4288,redux,1
4289,redundancy,1
4290,redash,1
4291,recruit,1
4292,recruitment,1
4293,recruiting,1
4295,recruit,1
4296,recovery,1
4297,record,1
4298,record,1
4300,recommendation,1
4301,recommend,1
4302,recognizes,1
4305,recognition,1
4306,reception,1
4310,rebuild,1
4312,reason,1
4315,real-world,1
4316,reading,1
4318,reactive,1
4319,react.js,1
4321,rating,1
4322,rate,1
4324,random,1
4326,radiology,1
4327,radiologist,1
4330,[,1
4333,question,1
4335,question,1
4336,question,1
4337,quest,1
4338,querydsl,1
4339,queriesis,1
4340,qualitative/quantitative,1
4342,qualification,1
4343,qualification,1
4344,qualification,1
4346,python *,1
4347,push,1
4349,purpose,1
4350,purify,1
4353,pull,1
4354,publishing/ui,1
4355,public,1
4356,pub/sub,1
4357,proxy,1
4358,provider,1
4360,protocols/technology,1
4361,protection/personal,1
4363,prop,1
4364,proposes,1
4366,proposal,1
4367,proposal,1
4368,proportional,1
4369,proportion,1
4372,project,1
4373,project,1
4374,projectwe,1
4375,progress,1
4376,progress,1
4377,progress,1
4378,program,1
4379,programming,1
4380,programmera,1
4381,profit,1
4383,proficient,1
4384,proficiency,1
4385,proficiency10+,1
4387,profession,1
4391,product [ technology ],1
4392,products/services,1
4394,product/service,1
4396,product,1
4402,processing/analysis,1
4403,processes-,1
4404,process,1
4406,process,1
4407,process/strategy,1
4408,process/control,1
4410,process [,1
4411,process.one,1
4412,process.-,1
4413,procedure,1
4415,problem,1
4416,problemsbachelor,1
4418,problem,1
4420,problemqualifications,1
4421,proactive/aggressive,1
4422,proactive,1
4424,prioritizes,1
4425,prioritize,1
4426,printing,1
4428,principle,1
4429,price,1
4430,price,1
4431,prettier,1
4432,present,1
4434,preprocessing,1
4435,preprocess,1
4441,preferred.we,1
4442,preferred.-,1
4446,prediction,1
4447,predict,1
4448,precaution,1
4449,pre-training,1
4450,pre-processing,1
4451,practitioner,1
4453,practice,1
4455,power,1
4456,postgres,1
4457,postgresql/mysql,1
4458,post-processing,1
4459,post-mortem,1
4460,post-c++11,1
4466,position.i,1
4468,portfolio-,1
4469,portal/e-commerce,1
4471,pnpm,1
4474,plugins,1
4475,please,1
4476,played,1
4479,platform,1
4480,platform-specific,1
4482,plans/strategies,1
4483,plan,1
4485,planning/production,1
4486,planning/discovery,1
4487,planning/development/operation/communication,1
4488,planning/designin,1
4490,planning/design/backend,1
4491,planning/design/back-end,1
4492,planning/uiux,1
4493,planning,1
4494,planning-design-development-overall,1
4497,planners.-,1
4498,planner,1
4499,plan,1
4500,plan,1
4502,pipeline,1
4503,pipeline,1
4504,pipeline,1
4505,pipefine,1
4506,piece,1
4507,physic,1
4508,photo.-,1
4509,phone,1
4510,phone,1
4511,phenomenon,1
4515,persuasion,1
4516,persuade,1
4517,[ technology,1
4518,[ paldogam,1
4521,personality,1
4522,person ],1
4523,persistent,1
4524,perseverance,1
4525,permission,1
4529,period,1
4530,period,1
4531,performer [,1
4534,perfection,1
4536,people,1
4537,people-,1
4538,people,1
4539,peak,1
4540,payroll,1
4542,payment,1
4543,payment,1
4544,payment,1
4547,pattern,1
4548,patterning,1
4549,pattern,1
4551,patent,1
4552,patent,1
4553,patch,1
4554,password,1
4555,passive,1
4556,party,1
4557,part,1
4558,partnership,1
4559,partnership,1
4560,partnership/sales,1
4561,partner,1
4562,participation,1
4566,parallel,1
4567,paper,1
4568,panicking,1
4570,painting,1
4571,pain,1
4573,page,1
4574,page,1
4576,owner,1
4577,owner,1
4578,owner,1
4580,over-engineering,1
4582,output,1
4583,othersanyone,1
4587,orm,1
4590,orientation ],1
4591,orientation,1
4592,organizing,1
4593,organizational/team,1
4595,organization,1
4596,organization-,1
4597,organization,1
4599,order,1
4600,orchestration,1
4602,optimization,1
4603,opportunity,1
4604,opinion,1
4605,opinion,1
4607,operation,1
4611,operating,1
4612,operates,1
4613,openness,1
4614,opening,1
4615,openapi-typescript-codegen,1
4616,open-source,1
4618,online/online,1
4619,online/offline/iot,1
4620,online/offline,1
4624,onboarding,1
4626,on-premises,1
4627,okay,1
4630,office,1
4631,occurs-,1
4632,occurs,1
4633,occurs,1
4634,occupation,1
4637,observation,1
4638,object,1
4640,objective,1
4642,oauth,1
4643,nuxt,1
4645,numpy/pandas,1
4646,numpy,1
4649,number,1
4650,number,1
4651,number,1
4653,notifies,1
4654,normalization,1
4655,non-majors,1
4657,non-developers,1
4658,non-blocking,1
4659,node.js,1
4660,node.js,1
4661,node,1
4662,nosql,1
4663,nextjs,1
4664,nextjs,1
4665,next.js,1
4667,newcomer,1
4670,networks.1,1
4671,networking,1
4672,network/os/file,1
4673,nestjs,1
4674,nest.js,1
4677,neglect,1
4678,need,1
4683,neat,1
4686,navigation,1
4689,native,1
4690,name,1
4691,mysql,1
4692,mysql,1
4693,mysql,1
4695,mybatis,1
4696,mvvm,1
4699,multitask,1
4701,multimedia,1
4702,mssql,1
4703,movie,1
4704,movement,1
4705,motion,1
4708,mood,1
4709,monorepo,1
4710,monitoring,1
4711,monitor,1
4712,mongoose,1
4713,mongodb,1
4714,mongo,1
4716,moment,1
4718,modules-,1
4719,modular,1
4721,modification,1
4722,model,1
4724,[ career ],1
4725,modeling/projection,1
4726,modeling/development,1
4727,modeling/analysis,1
4728,modeling/mongodb,1
4731,model *,1
4732,mockk,1
4733,mobile/pc/console,1
4734,mobile/pc,1
4735,mobx.-,1
4736,mobx,1
4737,mistake,1
4738,mistake,1
4739,minimum,1
4741,mindset,1
4742,mind-,1
4744,milestone,1
4747,mid-to-large,1
4748,microservices,1
4749,microservice,1
4750,micromanagement,1
4751,metropolitan,1
4752,metric,1
4754,methods.-,1
4755,methodology-,1
4757,method,1
4758,metadata,1
4759,met,1
4760,message,1
4761,message,1
4763,merge,1
4765,mentoring,1
4767,mentor,1
4770,mention,1
4771,men,1
4772,men,1
4773,memory,1
4775,memberso,1
4776,memberspayroll,1
4777,members.-,1
4778,member,1
4779,meeting,1
4780,meeting,1
4782,medium,1
4783,measurement,1
4784,max,1
4785,matter,1
4786,matter,1
4787,matplotlib,1
4789,mathematics/statistics/industrial,1
4792,math,1
4793,match,1
4796,master,1
4797,master,1
4798,mart,1
4799,mart/warehouse,1
4800,market,1
4802,marketing/crm/digital,1
4804,marketing-,1
4805,market,1
4806,mariadb,1
4807,mariadb,1
4809,manipulation,1
4810,manipulation,1
4811,manipulate,1
4812,manager,1
4813,manager,1
4814,management/strategy/business,1
4816,management/collaboration,1
4817,skill,1
4819,management-,1
4820,management,1
4821,mall,1
4822,major/within,1
4826,[,1
4830,maintenance,1
4832,maintain,1
4837,lovewe,1
4838,lot,1
4839,loss,1
4841,log,1
4842,logistics,1
4846,logic,1
4847,log,1
4848,lock,1
4849,loan,1
4851,listing,1
4852,listen,1
4853,link,1
4854,link-,1
4855,link,1
4857,licensing,1
4858,library,1
4859,libraries/frameworks,1
4860,library,1
4861,level ],1
4862,level/gender,1
4863,letter,1
4865,length,1
4867,learns,1
4869,learning/machine,1
4872,learner,1
4877,leader,1
4878,leader/team,1
4879,lead,1
4880,layout,1
4881,layer,1
4882,law,1
4883,law,1
4884,law,1
4886,launches/operations,1
4888,launch,1
4892,large-scale,1
4893,large-capacity,1
4897,languages/frameworks,1
4899,language ],1
4901,lang,1
4902,lake,1
4903,lake,1
4904,lakehouse,1
4905,lacking,1
4906,lack,1
4907,kotlin,1
4908,kotest,1
4911,knowledgeskills,1
4913,knowledge.we,1
4914,kiosk,1
4916,kafka,1
4918,k8s,1
4919,k-means,1
4920,justification,1
4921,junior,1
4922,jump,1
4923,judgment,1
4924,judge,1
4925,jsp,1
4926,json,1
4927,j,1
4928,jquery,1
4929,jotai/mobx/recoil,1
4930,jotai,1
4931,join,1
4932,join,1
4933,job,1
4934,job,1
4935,job-,1
4936,jira [,1
4937,jira,1
4938,jest,1
4939,jenkins,1
4942,java/kotlin/spring,1
4943,java,1
4944,junit,1
4948,iteration,1
4949,item,1
4953,issue,1
4954,issue,1
4955,issue,1
4956,issuance,1
4959,investor,1
4960,investment,1
4961,investment,1
4965,introduction,1
4966,introduction,1
4967,introducing/log,1
4969,intra,1
4971,interview,1
4972,interview,1
4973,interview,1
4974,interview ],1
4975,interview,1
4976,interview,1
4977,interview,1
4981,intermediate,1
4983,interface,1
4984,interest,1
4985,interesting,1
4986,intention,1
4987,intention,1
4989,intellij,1
4990,intelligence/machine,1
4991,intelligence,1
4992,intelligence,1
4993,integration,1
4994,integrate,1
4995,instruction,1
4996,institution,1
4997,institution,1
4998,institution,1
4999,installation,1
5000,install,1
5002,insights1,1
5004,insightful,1
5005,insight,1
5006,insight,1
5009,inquiry,1
5011,innovate,1
5012,injection,1
5015,information,1
5019,inference.qualifications,1
5020,inference,1
5021,inefficiency,1
5025,industry,1
5026,industrialization,1
5027,indoor,1
5028,individual,1
5031,index,1
5033,incremental,1
5034,increasing-,1
5035,increase,1
5036,inconvenience,1
5038,include,1
5039,incident,1
5040,inception,1
5042,in-game,1
5045,improvement,1
5046,improvement,1
5047,improvement/advancement,1
5048,improvement-,1
5049,improve/advance,1
5051,implementation,1
5052,impala,1
5053,impact,1
5054,impact,1
5055,immutable.js,1
5056,immersion,1
5058,immerse,1
5061,image,1
5062,image/video,1
5063,il,1
5064,ideation,1
5067,idea,1
5068,idea,1
5069,ios/android/react,1
5070,ios/android,1
5072,i.e,1
5073,hypothesis,1
5074,humility,1
5075,human,1
5076,hook,1
5078,homepage,1
5079,home,1
5082,holder,1
5083,hobby,1
5085,him/her,1
5089,higher-order,1
5090,high-tech,1
5091,high-performance/large-volume,1
5092,hidden,1
5093,hesitate,1
5095,healthcare,1
5096,health,1
5097,head,1
5101,hand,1
5102,hacker,1
5103,habit,1
5104,gum,1
5105,grpc,1
5108,growth-,1
5110,grow,1
5111,group,1
5113,group,1
5114,groups-,1
5115,ground,1
5116,greed,1
5119,grammar,1
5120,graduation,1
5121,graduate,1
5122,graduate,1
5123,gradient,1
5124,government/national,1
5129,goals/strategies,1
5130,goal-,1
5134,gitlab,1
5135,git,1
5136,get_it,1
5137,genre,1
5139,generate,1
5140,gateway,1
5142,game,1
5143,game,1
5145,future,1
5146,fusion,1
5147,funnel,1
5148,fundamental,1
5149,function,1
5150,frustration,1
5151,front/backend,1
5152,front/back,1
5157,framework,1
5158,frameworks/libraries,1
5159,framework-,1
5161,foundation,1
5162,forward-thinking,1
5163,formulation,1
5164,formulate,1
5165,format,1
5166,form,1
5167,forest,1
5168,forest,1
5169,forensics,1
5171,forecasting,1
5172,force,1
5174,following,1
5175,follower,1
5176,flow,1
5177,flow,1
5179,flexibility,1
5180,fit,1
5181,fit,1
5183,firm/law,1
5184,firm,1
5185,firewall,1
5186,fintech,1
5187,finish,1
5188,fine-tuning,1
5189,fine,1
5190,find,1
5192,finance,1
5193,finance,1
5197,file,1
5199,figma,1
5203,field career ],1
5204,fellow,1
5205,feedback-,1
5206,feature,1
5207,feasibility,1
5208,fear,1
5209,favorite,1
5211,fastify,1
5213,fastapi,1
5214,fastapi,1
5215,fast-api,1
5216,fandom,1
5217,failuresin,1
5219,fails.-,1
5220,fact,1
5221,factory,1
5222,fact-finding,1
5223,face,1
5224,eye,1
5225,extracting,1
5227,extract/process,1
5228,expression,1
5229,express/koa/fastify/nest.js,1
5231,exploring,1
5233,explorer,1
5234,explanation,1
5237,expert,1
5238,expert,1
5239,expert,1
5240,expert-level,1
5241,expert,1
5242,experimentation,1
5245,experience~,1
5246,experience recruitment,1
5247,experience qualification,1
5248,experience,1
5249,experiencewho,1
5250,experiencewe,1
5253,experience/knowledge,1
5255,experience ],1
5256,experience,1
5257,experience,1
5258,expansion,1
5260,expandability,1
5261,execution,1
5262,execute,1
5264,exchange,1
5266,excellence,1
5267,excellence,1
5269,everything,1
5271,evaluation,1
5279,etc [,1
5280,etc qualification,1
5281,etc,1
5282,..,1
5283,etc.+,1
5284,etc *,1
5285,etc,1
5286,etc anyone,1
5287,etc,1
5288,etc,1
5289,etc,1
5290,etc,1
5291,estimation,1
5292,estate,1
5293,establishment/optimization,1
5294,establishment,1
5299,eslint,1
5300,es6,1
5301,error,1
5302,error,1
5303,equivalent,1
5304,equivalent,1
5305,equivalent,1
5307,envisions,1
5312,environments2+,1
5313,environment,1
5314,environment,1
5315,environmentthis,1
5316,environmentqualification,1
5318,environment-experience,1
5319,environment-,1
5320,entrepreneur,1
5321,enthusiasm,1
5322,enterprise-level,1
5328,engineers.-,1
5330,engineering/statistics/data,1
5331,engineering/statistics/business,1
5333,engineering/data,1
5334,engineering/ml/ds/or,1
5335,engineering,1
5336,engineering,1
5337,engineerwe,1
5339,engaging,1
5341,energy,1
5343,endoscopy,1
5345,end,1
5347,employee,1
5348,employee,1
5350,emphasis,1
5352,emotion,1
5353,emd,1
5354,email,1
5359,eligibility,1
5360,element,1
5361,electronics,1
5363,electron,1
5364,electron,1
5366,ejs,1
5368,effort,1
5370,efficiency.-,1
5371,effector,1
5372,effect,1
5373,education-,1
5374,education,1
5375,editor,1
5376,ecosystem,1
5377,ecosystem,1
5378,economics,1
5379,eco-system,1
5380,easy-to-understand,1
5383,early-stage,1
5384,eager,1
5385,e.g.,1
5387,e-commerce/portals,1
5388,e-commerce,1
5393,drilling,1
5394,dream,1
5395,dream,1
5396,drawing,1
5401,domain,1
5404,documents/free,1
5406,document,1
5410,documentation.-,1
5411,document,1
5412,docker,1
5413,django/flask/fast,1
5414,divide,1
5415,diversity,1
5416,distribution,1
5417,distribution,1
5418,distributing,1
5419,distinction,1
5420,disseminate,1
5421,dissect,1
5422,disqualification,1
5423,discussions.-,1
5424,discovery,1
5425,discovers,1
5428,disaster,1
5429,director,1
5431,diploma,1
5432,diploma,1
5433,diploma,1
5434,difficulty,1
5436,dialogue,1
5437,diagram,1
5439,devote,1
5440,devise,1
5441,develops,1
5445,developmento,1
5446,development [,1
5447,developmenti,1
5448,developmentessential,1
5449,development/operations,1
5450,development/operation,1
5451,development/mobile,1
5452,development/maintenance,1
5453,development/improvement,1
5454,development/construction,1
5455,development/business,1
5456,development *,1
5457,development,1
5458,development * *,1
5459,developer front-end,1
5460,developers/marketers/business,1
5462,developer ],1
5463,developer,1
5464,developer,1
5465,developed.qualification,1
5466,developed.is,1
5468,develop,1
5469,determination,1
5471,detection,1
5472,details.-,1
5473,detail,1
5475,detail,1
5476,detail,1
5480,designers/service,1
5481,designer,1
5482,designers-,1
5483,design,1
5484,design/publisher,1
5485,design/maintenance,1
5486,design/implementation,1
5487,design/front-end,1
5488,design/development/improvement,1
5489,design/configuration,1
5490,design/ux,1
5493,derivative,1
5494,depth,1
5495,deposition,1
5497,deployment,1
5498,deployment,1
5499,deployment,1
5501,dependent,1
5503,departmentso,1
5504,department,1
5505,departments/stakeholders,1
5506,department,1
5507,department,1
5508,department python,1
5509,denormalization,1
5510,demonstrates,1
5512,demonstrate,1
5513,delve,1
5514,deliver,1
5515,degree /no,1
5517,defining,1
5518,define,1
5519,defense,1
5520,decompose,1
5521,decide,1
5522,debugging,1
5523,debt [,1
5524,debt,1
5525,deadline,1
5526,dbt,1
5527,date,1
5528,datasets,1
5530,databasesthose,1
5531,database,1
5532,database,1
5533,database,1
5534,data/machine,1
5535,data/customer,1
5536,data/ml/software,1
5537,data,1
5538,data,1
5541,cypress,1
5542,cycle,1
5543,cycle,1
5544,cyber,1
5545,cutting-edge,1
5546,cut,1
5549,customers/products/brands,1
5551,curve,1
5554,culture/people,1
5555,culture career ],1
5556,culture.backend,1
5557,culture.-,1
5558,culture,1
5561,csv,1
5562,cs,1
5564,cross-browsing,1
5568,cover,1
5569,coverage,1
5571,country,1
5572,countermeasure,1
5573,cost,1
5574,correct,1
5575,correct,1
5576,corporation,1
5578,coordination,1
5579,coordinate,1
5580,cooperate,1
5581,convince,1
5582,conveys,1
5584,conversationalist,1
5585,convention,1
5588,control,1
5589,contribution,1
5591,contract,1
5593,contract,1
5595,contextapi,1
5596,content,1
5597,content,1
5598,container,1
5600,consumer,1
5601,consulting,1
5602,consultation-,1
5604,construction,1
5607,constraint,1
5608,constraint,1
5610,consideration,1
5611,considerate,1
5612,consensus,1
5613,connects,1
5615,connect,1
5616,conflict,1
5618,confidential,1
5622,condition,1
5623,concurrent,1
5624,concise,1
5625,concise,1
5626,concern,1
5628,concept,1
5629,concentration,1
5630,computing,1
5631,computer,1
5633,compromise,1
5634,compromise,1
5635,comprehensive,1
5636,comprehension,1
5637,composition,1
5639,component,1
5640,comply,1
5642,competition,1
5643,competition,1
5644,competency,1
5645,compatibility,1
5646,comparison,1
5647,compare,1
5650,company.1,1
5651,company [,1
5652,company,1
5653,company,1
5655,company,1
5656,community,1
5657,community,1
5658,communicator,1
5660,communication skill,1
5663,commonization/modularization/automation,1
5664,commitment,1
5665,commit,1
5667,commerce,1
5668,commands.-,1
5672,combination,1
5673,collector,1
5679,collecting,1
5680,colleague,1
5681,colleague,1
5682,colleague education ],1
5683,colleague competency,1
5684,colleagueswe,1
5685,colleagues/products,1
5686,colleagues.we,1
5687,colleagues-,1
5688,collaboration [ team,1
5689,collaboration-,1
5691,collaborating-,1
5692,coding,1
5693,code,1
5694,code,1
5695,code,1
5696,coach,1
5697,co-worker,1
5698,co-work,1
5701,clients.,1
5702,client,1
5703,client-server,1
5704,client,1
5705,cleanse,1
5706,classification,1
5708,class,1
5709,class,1
5710,city,1
5712,ci/cd,1
5713,checkup,1
5714,cheat,1
5715,chatbots,1
5716,chat,1
5717,chart,1
5718,charge,1
5719,charge,1
5720,characteristic,1
5722,characteristics-,1
5724,change,1
5725,challenging,1
5727,challenge *,1
5728,challenge,1
5730,certificate2+,1
5731,center,1
5732,celery,1
5733,cause,1
5734,category,1
5735,catch,1
5736,case,1
5737,case,1
5738,case,1
5739,case,1
5740,cartoon,1
5744,care,1
5745,cardiology,1
5746,capture,1
5747,capacity,1
5750,capability ],1
5751,candidate,1
5753,camp,1
5754,camp,1
5755,calmly,1
5757,call,1
5758,calculus,1
5759,cache,1
5760,bypass,1
5761,business5,1
5762,business/service,1
5763,business,1
5765,business,1
5768,bundlers,1
5769,bundler,1
5770,bundle,1
5771,building/launching,1
5772,browsing,1
5774,browsersqualification,1
5775,browser,1
5777,bring,1
5778,break,1
5779,branch,1
5780,bot,1
5781,boot,1
5782,boot3.x,1
5783,boot,1
5784,boot,1
5786,book,1
5788,board,1
5789,blog,1
5790,blog,1
5792,blend,1
5793,birth,1
5794,bias,1
5797,berry,1
5798,benefit,1
5799,benefit,1
5805,beginner,1
5809,batch,1
5810,basis,1
5811,basic,1
5812,base,1
5814,balancer,1
5816,balance,1
5817,backup,1
5818,backlog,1
5820,background/with,1
5821,background/major,1
5823,backends,1
5824,backend/server,1
5825,bachelor,1
5826,b2c,1
5827,aws,1
5830,awarenessa,1
5831,availablei,1
5832,availability,1
5833,availability,1
5836,automation,1
5838,auto,1
5839,authority,1
5840,authentication,1
5841,audit,1
5842,audit,1
5843,attitude,1
5844,attention,1
5846,astute,1
5848,associate,1
5851,assign,1
5853,aspect,1
5854,asks,1
5855,ask,1
5858,article,1
5859,art,1
5860,art,1
5862,arrangement,1
5864,arm,1
5865,argo,1
5866,area,1
5867,area/analysis,1
5868,area,1
5869,architecture,1
5870,architecture,1
5871,architecture [,1
5872,architecture/framework,1
5873,appsa,1
5874,apps,1
5876,approval,1
5877,approach,1
5878,approach,1
5880,],1
5882,applying,1
5884,apply,1
5885,apply,1
5886,apply,1
5887,application,1
5888,application/infrastructure,1
5889,application,1
5890,applicant,1
5891,applicant,1
5892,],1
5893,applicant,1
5894,app/web,1
5895,app,1
5897,app-,1
5898,app,1
5899,api,1
5901,anything,1
5902,anything,1
5903,answer,1
5905,animation,1
5906,angle,1
5907,angiography,1
5910,analytics,1
5913,analyst,1
5914,analyst,1
5915,analysis/verification,1
5916,analysis/management,1
5917,analysis/insight,1
5918,analysis/experiment,1
5919,analysis/design,1
5920,analysis.-,1
5921,amount,1
5922,alternative,1
5926,alone.-,1
5927,allocation,1
5929,alliance,1
5932,algebra,1
5933,ajax,1
5936,agriculture,1
5937,agile,1
5938,aggregate,1
5939,agency,1
5940,agency,1
5942,age/gender/education/major,1
5943,age/gender/education,1
5944,aesthetic,1
5945,advice,1
5946,advertising/order,1
5947,advertising/campaigns,1
5948,advertiser,1
5949,advertiser,1
5950,advertisement,1
5951,advantage,1
5952,advancement,1
5953,advance,1
5955,adopt,1
5956,admit,1
5957,admire,1
5958,administrator,1
5959,administration/management,1
5960,admin,1
5963,adept,1
5964,address,1
5965,addition,1
5966,addictive,1
5970,ad-tech,1
5971,acumen,1
5972,acumen,1
5973,act,1
5974,qualification,1
5976,action,1
5978,act,1
5980,achievements/collaboration,1
5983,accounting/tax/fund,1
5984,accounting/business,1
5985,accounting,1
5986,account,1
5988,accordance,1
5989,accomplishment,1
5992,accessibility-,1
5993,access,1
5994,accepts,1
5996,acceptance-,1
5997,academy,1
5998,abstraction,1
5999,abstract,1
6000,absorbed,1
6002,[,1
6003,[,1
6005,abroad1,1
6007,abroad-experience,1
6011,ability,1
6012,ability,1
6014,abilities-,1
6015,culture ],1
6016,],1
6019,[ skill/knowledge ],1
6020,[ skill,1
6021,[ service,1
6022,recruitment,1
6023,please,1
6024,[,1
6025,],1
6026,[ note,1
6027,[ mobile ],1
6028,[,1
6029,[,1
6030,[,1
6031,[ development ],1
6032,deployment,1
6033,[ core,1
6034,[ career ],1
6035,[,1
6037,zustand,1
6038,zepplein,1
6039,zeppelin,1
6040,zeplin,1
6041,z,1
6043,youtube,1
6044,xamarine,1
6045,xamarin.form,1
6046,xamarin.form,1
6047,xml/html,1
6048,xen,1
6049,xd,1
6050,xd,1
6051,xcp,1
6052,world,1
6053,workspace,1
6054,workspace,1
6056,wordpress,1
6057,word,1
6059,wireframe,1
6060,window,1
6061,window,1
6062,wiki,1
6065,webviews,1
6067,website,1
6068,webrtc,1
6069,webpack,1
6070,webframework,1
6071,webflux/mvc,1
6072,webstorm,1
6073,websockets,1
6074,webserver,1
6076,webgl,1
6077,webclient,1
6078,web/mobile,1
6079,web/app,1
6080,web-app,1
6081,web,1
6082,weit,1
6083,warehouse,1
6084,wadiz,1
6085,waddle,1
6086,wpf,1
6087,web/was [,1
6088,vuex,1
6089,vuetify,1
6090,vuejs,1
6091,vuejs,1
6092,vuejs,1
6093,vue3,1
6094,vue3,1
6096,vue.js,1
6097,vue.js,1
6098,vite,1
6099,view,1
6100,vega,1
6101,vanilla,1
6102,vanilajs,1
6103,value,1
6104,vscode,1
6105,vpcs,1
6106,vpc-,1
6107,voc,1
6108,vat,1
6109,utilization,1
6111,unreal,1
6112,unix/windows,1
6114,unix,1
6116,universal,1
6117,unity3d,1
6118,unit,1
6119,understanding,1
6121,ux/ui,1
6122,ux,1
6124,url,1
6125,ui,1
6126,ui/ux [,1
6128,ui/gui,1
6129,ugui,1
6130,typesctipt,1
6132,typescript,1
6133,typescript-,1
6134,typescript,1
6136,type,1
6138,turborepo,1
6139,tuning/sql,1
6141,trade,1
6143,track,1
6144,tool,1
6145,tool,1
6146,tomcat,1
6148,timescaledb,1
6149,time,1
6150,tiktok,1
6151,thymeleaf,1
6152,three.js,1
6156,testing,1
6157,test,1
6159,test,1
6160,terraform,1
6161,tensorflow,1
6162,template,1
6164,teamwork,1
6165,team,1
6166,tasteed,1
6167,talk,1
6168,tableau,1
6169,table,1
6171,topik,1
6172,toeic,1
6174,tdd,1
6175,tcp/ip,1
6176,tcp/ip,1
6178,tcp,1
6179,tc,1
6180,t/o,1
6181,system/erp,1
6182,system,1
6183,system,1
6184,swiftui,1
6185,swagger,1
6186,svelte,1
6187,svelte,1
6188,surface,1
6189,supervisory,1
6190,superset,1
6191,subquery,1
6192,stylus,1
6193,stylus,1
6194,styled-component,1
6195,styled-components/emotion,1
6196,styled-components,1
6197,style,1
6198,style,1
6199,studio,1
6200,studio,1
6202,structure,1
6204,stoty,1
6205,storybook,1
6206,storyboard,1
6207,storybook,1
6208,story,1
6210,storage,1
6211,status,1
6212,statistics/computer/mathematics,1
6213,station,1
6214,stack ],1
6215,stack,1
6217,sprint,1
6218,springframework,1
6219,springsecurity,1
6220,springframework,1
6221,springboottest,1
6223,spring/kotlin,1
6224,spring/java,1
6225,spring/java,1
6226,spring-jpa,1
6227,spring-framework,1
6228,spring-boot,1
6229,spring-boot,1
6230,spring boot,1
6231,specification,1
6233,specialist,1
6234,spec,1
6237,source,1
6238,sor,1
6239,sonarqube,1
6241,socketio,1
6242,socket.io,1
6243,socket.io,1
6244,socket.io,1
6246,socket,1
6248,smart,1
6249,slack-,1
6250,sklearn,1
6251,skill,1
6252,skill,1
6253,siva,1
6255,signature,1
6256,shopify,1
6257,sheet,1
6260,service,1
6261,service,1
6263,serverless,1
6264,serverless,1
6265,serverless,1
6266,server-side,1
6267,server,1
6268,serveless,1
6269,series,1
6271,sentry,1
6272,sentinel,1
6273,sens,1
6275,self-serving,1
6276,self-motivation-,1
6278,selection,1
6279,seed,1
6283,search,1
6284,seamless,1
6285,seaborn,1
6286,scipy,1
6288,science,1
6289,schema,1
6292,scalaa,1
6293,scala,1
6294,sas,1
6295,swr,1
6296,swc,1
6297,swagger,1
6298,sw,1
6299,svnwe,1
6300,svn,1
6301,stl,1
6302,ssp,1
6303,ssl,1
6304,ssg/ssr,1
6305,ssg,1
6306,sqlite,1
6307,sqlalchemy,1
6308,sql,1
6310,sql/no-sql,1
6311,sql/hql,1
6314,sql-,1
6315,sql,1
6316,sql,1
6317,spring,1
6318,spa/ssr,1
6319,spa-type,1
6320,sp,1
6322,sn,1
6324,seoqualification,1
6325,sdks,1
6326,sdk,1
6327,scss1,1
6328,scss/sass,1
6330,sas/r/python/sql,1
6331,sas/,1
6332,san,1
6333,s3,1
6334,s2f,1
6335,s/w,1
6337,rxswift,1
6338,rxjava,1
6339,rxjava,1
6341,rust,1
6342,runner,1
6343,ruby,1
6345,route,1
6346,rollup,1
6347,role,1
6348,riverpod,1
6349,right,1
6350,review,1
6351,retrofit,1
6353,resume,1
6355,restfull,1
6356,restapi,1
6358,responsive,1
6360,responsibility,1
6362,researcher,1
6363,researcher,1
6364,research/machine,1
6365,research,1
6366,research,1
6368,requirements/new,1
6369,requirements/experience ],1
6371,repository,1
6372,replica,1
6374,relevant,1
6376,redux-toolkit,1
6377,redux-saga,1
6379,redshift,1
6380,redshift,1
6382,recommendation,1
6383,recoil,1
6384,recognition,1
6385,reatnative,1
6386,realtime,1
6387,real-time,1
6388,readability,1
6389,reactjs,1
6390,reactjs,1
6391,reactquery,1
6393,react/vue/angular,1
6394,react/typescript/next.js/node.js,1
6396,react/react,1
6397,react/next.js,1
6398,react/next,1
6399,react/next,1
6401,react.js/next.js,1
6402,react-redux,1
6403,react-query,1
6408,react,1
6410,raspberry,1
6411,raftel,1
6413,rabbitmq,1
6414,rabbitmq,1
6415,rtb,1
6416,rrt,1
6417,rpgs,1
6418,rpc,1
6419,rpc,1
6420,route,1
6421,ro,1
6422,restful,1
6423,restful,1
6425,restful,1
6426,rest/websocket,1
6427,rds,1
6428,rds,1
6429,rdbs,1
6431,rdb,1
6432,r/python,1
6433,r/,1
6434,r,1
6435,r,1
6436,r,1
6437,r,1
6439,quick,1
6440,queue,1
6441,querydsl,1
6443,quasar,1
6445,qt,1
6447,python [,1
6448,python3-fastapi,1
6449,python1,1
6450,python/scala/rust,1
6451,python/sql,1
6453,python/django,1
6454,python/,1
6456,python-,1
6457,pytorch-,1
6458,pyspark,1
6459,pure,1
6460,publishing,1
6461,public,1
6462,pub/sub,1
6463,provider,1
6464,protopie,1
6465,proposal,1
6466,prometheusi,1
6467,professionalism,1
6468,process ],1
6469,process,1
6470,procedure,1
6471,problem-solving,1
6472,problem,1
6473,proactiveness,1
6474,proactiveness,1
6475,proactive/proactive,1
6476,pro,1
6477,prisma,1
6479,principle qualification,1
6480,principle,1
6482,presto,1
6483,preprocessors,1
6484,preprocessor,1
6485,preparation,1
6487,prefer,1
6488,prefect,1
6490,powerpoint,1
6491,powerpoint,1
6492,powerbi,1
6493,postman,1
6494,postgresql,1
6495,postgres-,1
6496,postgresql,1
6497,postgresql-,1
6498,postgis,1
6499,postcss,1
6504,play,1
6505,platform,1
6506,place,1
6508,pipeline.-,1
6509,pipeline,1
6510,pi,1
6511,physic,1
6512,ph.d,1
6513,personality,1
6514,persistence,1
6515,performance,1
6516,perform,1
6517,paystore,1
6518,pattern,1
6519,patient,1
6520,passionate,1
6521,pas,1
6522,parcel,1
6523,panel,1
6525,package,1
6527,po,1
6528,power,1
6529,po/pm/service,1
6530,po/pm,1
6531,pm,1
6532,pm,1
6534,pi,1
6535,php7,1
6536,pg,1
6537,pdf,1
6538,pc/mobile,1
6539,p.o,1
6540,owner,1
6541,owner,1
6543,others,1
6544,oracle /nosql,1
6545,oracle,1
6547,optimization,1
6548,operation,1
6550,operation,1
6554,objective-c/swift,1
6555,objective-c/swift,1
6556,objective,1
6559,os/databases [,1
6562,orm,1
6564,opic,1
6565,oidc,1
6567,oauth,1
6568,oas,1
6569,oa,1
6570,nxjs,1
6571,nuxt3,1
6572,nuxt.js,1
6573,nuxt,1
6574,nutanix,1
6576,numpy/pandas,1
6577,notion,1
6578,note,1
6579,nosql,1
6580,nodejs/express/typescript/nestjs/mysql,1
6581,nodejs,1
6582,nodejs,1
6583,nodejs,1
6585,node.jsfh,1
6586,node.js,1
6587,node.js/nest.js,1
6588,node.js,1
6591,node,1
6592,node,1
6595,nginx,1
6596,nexus,1
6597,next.js,1
6598,newcomer/no,1
6599,network,1
6601,nestjs,1
6602,nestjs,1
6604,nestjs,1
6606,nest.js,1
6608,neo4j,1
6609,native,1
6611,native,1
6612,nx,1
6613,nlu,1
6616,nlp,1
6617,nlp,1
6618,ncloud,1
6619,mysql/mongodb/redis/dynamodb,1
6620,mysql,1
6621,mysql,1
6623,mysqlwaddle,1
6624,mysql/postgresql,1
6625,mysql,1
6626,mysql-,1
6627,mymusictaste,1
6629,mybatis,1
6630,my-sql,1
6631,multithread,1
6632,multi-thread,1
6633,multi-thread,1
6634,multi,1
6635,moyo,1
6636,morden,1
6637,mongodb,1
6638,mongodb,1
6640,mongodb,1
6642,mongo,1
6643,moloco,1
6644,module,1
6645,module,1
6646,modeling,1
6648,mockito,1
6649,mobx,1
6650,mobx,1
6652,miflatform,1
6653,microservice,1
6654,method,1
6655,messagequeue,1
6656,merge,1
6658,memory,1
6660,meisa,1
6662,mbile,1
6663,maya,1
6664,maven,1
6665,matlab,1
6666,mathematics,1
6667,material-ui,1
6668,master's/phd,1
6669,mart,1
6670,mart,1
6671,marketing,1
6672,mariadb,1
6673,mariadb,1
6674,march,1
6675,mar-tech,1
6676,map,1
6679,manager,1
6680,management,1
6681,mamute,1
6682,maltego,1
6683,mall,1
6684,makeshop,1
6685,mail,1
6686,machine,1
6687,mysql,1
6688,mw,1
6689,mvvm,1
6690,mvp,1
6691,mvi,1
6694,msw,1
6695,mssql,1
6696,msa,1
6698,msa,1
6699,msa,1
6700,ms-sql,1
6701,ms-sql,1
6702,ms-office,1
6703,mrr,1
6704,mq,1
6705,mlops,1
6706,mouse,1
6707,md,1
6709,love,1
6710,looker,1
6711,looker,1
6712,lookml,1
6714,logistics,1
6716,loadbalancer,1
6718,linux/windows,1
6719,linux/network,1
6720,linkage,1
6721,linear,1
6722,like,1
6723,lifetime,1
6724,lifecycle,1
6726,lidar,1
6727,let,1
6729,lemon,1
6730,],1
6731,learning,1
6732,learning/deep,1
6734,learnig,1
6735,leaflet.js,1
6738,layer,1
6740,laravel,1
6742,lambda,1
6743,lambda,1
6744,lake/big,1
6745,lake,1
6746,ltv,1
6747,log,1
6748,llm,1
6749,linux,1
6751,l2~l7,1
6752,kubernetes,1
6753,kubernetes,1
6754,kubernetes,1
6755,kubernetes,1
6756,kotlin,1
6757,kotlin/springboot,1
6758,kotlin/java/python/ruby,1
6759,kotlin/java/python/golang/ruby,1
6760,kotlin/java/c,1
6761,kotlin/java,1
6762,kotlin/dart,1
6763,korean,1
6764,korea.-,1
6765,korea,1
6766,korea,1
6767,koa.js,1
6768,knowledge/skill/competency,1
6769,keycloak,1
6770,key-value,1
6772,kanban-,1
6773,kaggle,1
6774,kafka [ aa developer ],1
6775,kt,1
6776,kpis,1
6778,jupyterhub,1
6779,jupyter,1
6780,junit,1
6781,junior,1
6782,jsp,1
6783,jqueryui,1
6784,job,1
6787,jira,1
6788,jest,1
6790,jenkins,1
6791,jeju,1
6792,javascrpt,1
6793,javascript,1
6794,javascript/jquery,1
6795,javascript/typescript,1
6796,javascript/nodejs/python,1
6797,javascript/nodejs,1
6800,javascript,1
6802,javascript/typescript,1
6803,java17,1
6804,java/sringframework,1
6805,java/python/node.js/c,1
6807,java/kotiln,1
6808,java,1
6810,jaca,1
6811,jwt-,1
6812,jvm/gc,1
6813,jvm,1
6814,junit,1
6815,jstl,1
6816,jspwe,1
6817,js/ts,1
6818,j,1
6819,j,1
6820,jquery,1
6822,join,1
6823,join,1
6824,jdk,1
6825,jdbc/r2dbc,1
6826,java/node.js/php,1
6828,java/kotlin,1
6830,j-query,1
6832,istio,1
6834,iocrops,1
6835,iot,1
6836,introductory,1
6837,introduce/apply,1
6838,introduce,1
6839,internet,1
6841,interface,1
6842,interest/experience,1
6843,intellij,1
6844,intelligence,1
6846,intellij,1
6847,intel,1
6848,integration,1
6849,institute [,1
6850,instar,1
6851,instance,1
6852,instagram,1
6854,influence,1
6856,in-house,1
6858,implementation,1
6859,implement,1
6860,illustrator,1
6861,illustrator,1
6864,itig,1
6867,isp,1
6868,iocp,1
6870,imu,1
6871,ii,1
6872,ifrs,1
6873,iam,1
6874,ia,1
6875,i/o,1
6877,hybrid,1
6878,human,1
6879,hongik,1
6881,history ],1
6882,hiritsoft,1
6884,high-performance,1
6885,hierarchy,1
6886,hidden,1
6887,hibernate/jpa,1
6888,hibernate,1
6889,hevo,1
6890,health,1
6891,headquarters,1
6892,hbase,1
6893,hash,1
6894,hangul,1
6895,hands-on,1
6897,http,1
6898,http/rest,1
6899,http/https,1
6900,http/2,1
6901,html5/javascript,1
6902,html5/css3/javascript,1
6903,html/javascript,1
6905,html/css/webpack/js/http/https,1
6906,html/css/typescript,1
6908,html/css/javascript-,1
6909,html/css/javascript,1
6910,html/css/javascript,1
6911,html/css/javascript,1
6912,html/css,1
6913,hr,1
6914,gunicorn/nginx/celery/aws,1
6915,group+ec2+fastapi,1
6916,greenhouse,1
6917,greed,1
6918,graphql,1
6919,graphic,1
6920,graphql,1
6921,graduation,1
6922,graduate,1
6924,graduate,1
6925,gradle,1
6926,gradle,1
6927,google,1
6928,godot,1
6935,github [,1
6936,github.qualifications,1
6937,github.-,1
6938,github,1
6939,gitflow,1
6940,[ qualification,1
6941,[,1
6942,gitis,1
6946,github.-,1
6948,git/jira/confluence/slack,1
6949,git/github,1
6951,git,1
6952,gihub,1
6953,gephi,1
6956,gtm,1
6957,graphql,1
6958,gpt,1
6961,[,1
6962,git,1
6963,git,1
6966,gcp,1
6967,gcp,1
6968,gaapthis,1
6969,ga4,1
6971,function,1
6972,function,1
6973,frontend,1
6974,front/back,1
6975,front-end,1
6976,front-end,1
6977,frida,1
6978,fresher,1
6981,framework-,1
6982,foreigner,1
6984,flow,1
6985,flink,1
6986,flexibility,1
6988,firestore,1
6989,firebase,1
6990,finda,1
6991,finance,1
6992,file,1
6994,figmathose,1
6996,figma-,1
6997,fiber,1
6998,fastify,1
6999,fastapi,1
7000,fastapi,1
7001,fastapi,1
7002,fast-api,1
7003,fast-api,1
7004,fast,1
7005,fair,1
7006,fp,1
7007,fe,1
7008,fb,1
7009,faq,1
7010,extract,1
7012,express.js,1
7013,express,1
7014,exchange,1
7016,excel/document,1
7017,excel/ppt,1
7018,event,1
7019,environment,1
7020,entry ],1
7021,entry,1
7022,entry,1
7024,enter,1
7027,engineering,1
7028,engineer,1
7029,engine,1
7032,elasticsearch,1
7033,elasticsearch,1
7034,elasticbeanstalk,1
7036,effort,1
7037,effect,1
7039,education/major/experience,1
7040,economics,1
7041,eco-system,1
7042,eco,1
7043,eclipse,1
7045,evm,1
7046,etl,1
7047,etl/elt,1
7048,eslint,1
7049,esbuild,1
7051,es7+,1
7052,es6+ typescript,1
7053,es6+,1
7054,es6,1
7055,es5,1
7057,eks,1
7058,eks,1
7059,efs,1
7060,ee,1
7061,eda,1
7062,ecr,1
7063,ecp,1
7064,ecmascript,1
7065,ecmascript,1
7066,ecma,1
7067,eb,1
7071,driven,1
7072,dplyr,1
7074,dom,1
7075,documentdb,1
7076,doc,1
7081,docker,1
7083,docker/docker,1
7084,docker,1
7086,docker,1
7088,diverse,1
7089,ditto,1
7090,distinctive,1
7092,discord,1
7093,disability,1
7094,development/operation,1
7095,development/management,1
7098,developer,1
7100,devopsthose,1
7102,designer,1
7104,design,1
7105,deputy,1
7106,deployment,1
7107,deployment,1
7108,delivery,1
7109,defi,1
7110,deeply,1
7111,deep/dark,1
7112,december,1
7113,daycon,1
7114,datastudio,1
7116,datalake,1
7117,dataflow,1
7119,databricks,1
7120,database,1
7121,database,1
7122,datawarehouse,1
7123,datalake,1
7124,datadog,1
7125,database,1
7127,dashboard,1
7128,dagster,1
7130,daejeon,1
7131,daegyuo,1
7132,dw/dm,1
7134,dw,1
7135,dvc,1
7136,dsa,1
7137,dns,1
7138,dmp,1
7139,dm,1
7140,dl,1
7141,dl,1
7142,devops,1
7143,de,1
7144,de,1
7145,ddl,1
7146,ddd,1
7149,dba,1
7151,db-,1
7152,dapp,1
7154,cycle,1
7155,cycle,1
7156,cycle,1
7157,customer,1
7161,curiosity,1
7162,crontab,1
7164,credit,1
7166,coroutine,1
7167,core,1
7168,core,1
7169,coordination,1
7171,convention,1
7175,container,1
7176,consumer,1
7179,connection,1
7181,confluence,1
7182,confidence,1
7183,concise,1
7184,computational,1
7185,comprehension,1
7186,compose,1
7187,component,1
7188,component,1
7190,completion,1
7191,competency,1
7192,commission,1
7193,commerce,1
7194,commento,1
7195,collaboration,1
7196,collaborate,1
7197,colab,1
7198,codeigniter,1
7199,codepipeline,1
7200,cluster,1
7201,cloudfront,1
7202,cloudformation,1
7203,clickhouse,1
7204,cleon,1
7205,classter,1
7206,classify,1
7207,class,1
7208,check,1
7210,centos,1
7211,catch,1
7213,carry,1
7214,career,1
7215,capability,1
7216,canvas,1
7217,candidate,1
7218,campaign,1
7219,camp,1
7220,cafe24,1
7222,css3 *,1
7223,css-in-js,1
7224,css-in-js,1
7225,cs,1
7226,cs,1
7227,csr,1
7229,cs-,1
7231,crud,1
7232,crm,1
7233,crisp-dm,1
7234,crdt,1
7235,cqrs,1
7236,cpu,1
7237,cors,1
7238,cors,1
7239,cmf,1
7241,ci/cd [,1
7242,ci/cd,1
7243,ci/cd,1
7244,ci,1
7245,cdc,1
7246,cc,1
7248,c/c++/python,1
7249,c/c++,1
7250,c.s,1
7251,c,1
7252,c++11,1
7254,/go/java/python/hack,1
7256,c,1
7257,b~d,1
7258,busan,1
7259,build,1
7260,build,1
7261,browserify,1
7262,branch,1
7264,bootstrap,1
7266,boot,1
7267,bitbucket,1
7268,biology,1
7269,bioinformatics,1
7270,bigquery,1
7271,bigquery,1
7273,beanstalk,1
7274,batch,1
7276,base64,1
7277,banking,1
7278,backup,1
7279,back-end,1
7280,back-end,1
7281,babylon.js,1
7282,btl,1
7283,b,1
7284,bloc,1
7285,bi/r-,1
7286,bi-,1
7287,bff,1
7289,b2b,1
7290,b,1
7291,b,1
7292,b,1
7294,award,1
7295,autonomy,1
7298,atlassian-confluence,1
7299,atlas,1
7300,athena,1
7301,assistant,1
7303,argocd,1
7304,argo,1
7305,architecture,1
7306,architect,1
7307,appstore,1
7311,applicant,1
7314,apple,1
7315,app-front,1
7316,app,1
7317,apollo,1
7318,apache,1
7320,anyframe,1
7321,antd,1
7322,ant,1
7325,angularjs,1
7326,angular.js,1
7327,angular.js,1
7328,angular.js,1
7329,angular.js,1
7330,angular,1
7331,android,1
7333,android,1
7335,analytics,1
7336,analytics,1
7339,analyst,1
7340,analyitcs,1
7341,amplitude,1
7342,amplify,1
7343,ample,1
7345,amazon,1
7346,altair,1
7347,algorithm,1
7348,ajax,1
7349,ai,1
7351,age/gender,1
7352,age,1
7354,administration,1
7355,administration,1
7357,adtech,1
7358,ad,1
7361,action,1
7362,actionflutter,1
7363,action,1
7364,action,1
7365,act.-,1
7366,acquisition,1
7368,accurate,1
7369,azure,1
7371,aws-,1
7372,aws,1
7373,aws,1
7374,asp,1
7375,asg,1
7376,arm,1
7377,app,1
7378,apm,1
7381,api1,1
7382,api/websocket,1
7383,api.those,1
7384,api.-,1
7386,aos,1
7388,alb+auto,1
7389,al,1
7390,ajax,1
7392,ai/big,1
7394,acid,1
7396,aa,1
7405,7th,1
7406,%,1
7407,%,1
7446,.so,1
7447,.a,1
7448,.net,1
7449,-web,1
7450,-typescript,1
7451,-sql,1
7452,-react,1
7453,-notion,1
7454,-nodejs,1
7455,-node.js,1
7456,-infrastructure,1
7457,-html,1
7458,-docker,1
7459,-docker,1
7460,-development,1
7461,-design,1
7462,-database,1
7463,-db,1
7464,-css,1
7466,*,1
7467,* portfolio,1
7468,assignment,1
7471,*,1
7473,~3,1
7474,web/app,1
7475,web,1
7478,ux/ui,1
7479,user,1
7480,user,1
7483,twin.macro,1
7485,table,1
7486,swagger,1
7489,styled-components,1
7490,store,1
7491,spring,1
7492,source,1
7493,server-side,1
7496,select,1
7497,role,1
7498,rest,1
7500,researcher,1
7505,*,1
7508,regression/causality/survival,1
7509,redux-saga,1
7510,real-time/batch,1
7512,python,1
7513,proficient,1
7519,portfolio,1
7521,platform,1
7522,planner,1
7523,performance,1
7524,payment,1
7525,part,1
7526,panda,1
7527,ownership,1
7528,oracle,1
7531,opencv,1
7532,node.js,1
7533,next.js,1
7534,naver,1
7535,monitoring,1
7536,marketing,1
7537,mariadb,1
7539,maintenance,1
7540,loan,1
7543,layout,1
7544,lambda,1
7545,k8s,1
7546,jpa,1
7547,journal,1
7548,java,1
7549,jquery,1
7550,ios/macos,1
7551,ios/android,1
7552,io,1
7553,io,1
7554,i.e.,1
7555,hybrid,1
7556,html,1
7558,game,1
7559,game,1
7560,front-end,1
7561,front-end,1
7562,front,1
7564,framework,1
7565,flask,1
7567,file,1
7568,familiarity,1
7569,failure,1
7570,express.js,1
7571,expertise,1
7572,experience,1
7573,ex,1
7577,es6+,1
7578,es6,1
7580,django,1
7581,development,1
7582,dependency,1
7583,department,1
7585,conversion /settlement,1
7586,concept,1
7588,computer,1
7590,company/industry/market,1
7591,company-wide,1
7592,company-wide ],1
7594,communication,1
7595,collaboration,1
7597,code,1
7599,chatbot,1
7600,business,1
7601,bootstrap,1
7602,boot,1
7604,bash,1
7606,backend,1
7607,async,1
7608,art,1
7610,app,1
7611,animation,1
7612,airflow,1
7613,adaptive,1
7614,ability,1
7615,asp.net ],1
7616,wireframe,1
7617,webpack,1
7618,webflux,1
7619,webflux,1
7620,websquare,1
7621,wsus,1
7622,vue.js/react.js,1
7623,vue.js,1
7624,vue,1
7625,vue,1
7626,vue,1
7629,ubuntu,1
7630,ui/ux,1
7633,typescript,1
7634,three.js,1
7635,thread,1
7636,test,1
7637,terraform,1
7638,tensorflow,1
7639,team,1
7640,tableau/powerbi,1
7641,tcp/ip,1
7642,swift,1
7643,submit,1
7644,submission,1
7645,storybook,1
7646,spark,1
7648,slack,1
7649,service,1
7650,server,1
7651,sequelize,1
7652,seolleung,1
7654,sql/r/python/spark,1
7655,sql/,1
7656,spa,1
7657,spa,1
7659,route53,1
7660,restful,1
7661,redux-saga,1
7663,redash,1
7664,recoil,1
7665,recat,1
7666,reactjs,1
7667,react-query,1
7668,react,1
7670,rabbitmq,1
7671,rgb-d,1
7672,restful,1
7673,rest,1
7674,rdbms,1
7675,rdb,1
7676,r/python/sql/spss,1
7677,querydsl,1
7678,python,1
7679,provider,1
7681,postgress,1
7682,postgresql,1
7683,photoshop,1
7684,ph.d,1
7685,people,1
7686,p,1
7687,pm,1
7688,pm,1
7689,pl-sql,1
7690,php,1
7691,php,1
7692,php,1
7693,pc,1
7694,oracle,1
7696,openapi,1
7698,nuxt,1
7699,node.js,1
7700,next.js,1
7701,nestjs,1
7702,nest.js,1
7703,naver/google,1
7704,nats,1
7706,nlp,1
7707,nlp,1
7708,nl,1
7709,nginx,1
7710,ncp,1
7711,na,1
7712,mysql,1
7714,mongodb,1
7715,mongo,1
7716,mocha,1
7718,mariadb,1
7719,mariadb,1
7720,mssql,1
7721,ms-sql,1
7722,mlflow,1
7723,looker,1
7724,linux,1
7725,linkedin,1
7726,lifetimevalue,1
7727,lead,1
7728,laravel,1
7729,ltv,1
7730,kubernetes,1
7731,kdd,1
7732,junior,1
7733,jenkins,1
7734,java17-jpa,1
7736,jwt,1
7737,jpa,1
7738,java,1
7739,ifrs,1
7741,hudson,1
7743,hook,1
7745,hadoop,1
7746,http/https,1
7747,html5,1
7748,html/css/javascript,1
7749,html,1
7750,github,1
7751,github,1
7752,git,1
7753,git,1
7754,gin,1
7755,gmv,1
7756,git,1
7757,ga4,1
7758,ga,1
7759,flutter,1
7760,flask,1
7761,flask,1
7762,figma,1
7763,express.js,1
7764,experience,1
7765,excel qualification ],1
7766,english,1
7767,elasticache,1
7768,etl,1
7769,esc6+ /typescript,1
7770,es6,1
7771,es6+,1
7772,es5+ /typescript,1
7773,es5+,1
7774,es2016,1
7775,es2015,1
7776,es+6,1
7777,e,1
7779,dotnet,1
7780,docker,1
7781,django,1
7782,devops,1
7783,deputy,1
7784,dacon,1
7785,dwa,1
7786,dsp,1
7787,ddd,1
7788,customer,1
7791,content,1
7792,computer,1
7794,codeigniter,1
7795,centos,1
7796,centos,1
7797,cx /digital,1
7798,ci/cd,1
7799,ci,1
7801,bootstrap,1
7802,bootstrap,1
7803,boot,1
7804,bigquery,1
7805,bangi,1
7807,bxm,1
7808,bert,1
7810,azure,1
7811,aurora,1
7813,application,1
7814,answer,1
7815,amplitude,1
7816,amazon,1
7817,airflow,1
7818,adobe,1
7819,aws,1
7820,app,1
7821,api,1
7822,ami,1
7823,*,1
7824,>,1
7834,%,1
7837,.net,1
7838,* *,1
7840,eligibility,1
7843,\pep8\,1
